시설명,계측일자,저수율
오봉,20150101,91.7
오봉,20150102,91.6
오봉,20150103,91.5
오봉,20150104,91.4
오봉,20150105,91.3
오봉,20150106,91.2
오봉,20150107,91.1
오봉,20150108,91
오봉,20150109,90.9
오봉,20150110,90.8
오봉,20150111,90.6
오봉,20150112,90.5
오봉,20150113,90.4
오봉,20150114,90.3
오봉,20150115,90.3
오봉,20150116,90.2
오봉,20150117,90.1
오봉,20150118,90
오봉,20150119,89.8
오봉,20150120,89.6
오봉,20150121,89.5
오봉,20150122,89.4
오봉,20150123,89.4
오봉,20150124,89.4
오봉,20150125,89.3
오봉,20150126,89.3
오봉,20150127,89.3
오봉,20150128,89.2
오봉,20150129,89.2
오봉,20150130,89.1
오봉,20150131,89
오봉,20150201,88.8
오봉,20150202,88.7
오봉,20150203,88.7
오봉,20150204,88.6
오봉,20150205,88.5
오봉,20150206,88.3
오봉,20150207,88.1
오봉,20150208,87.9
오봉,20150209,87.8
오봉,20150210,87.7
오봉,20150211,87.6
오봉,20150212,87.4
오봉,20150213,87.1
오봉,20150214,86.9
오봉,20150215,86.8
오봉,20150216,86.7
오봉,20150217,86.6
오봉,20150218,86.6
오봉,20150219,86.6
오봉,20150220,86.6
오봉,20150221,86.7
오봉,20150222,86.7
오봉,20150223,86.7
오봉,20150224,86.7
오봉,20150225,86.7
오봉,20150226,86.7
오봉,20150227,86.6
오봉,20150228,86.5
오봉,20150301,86.5
오봉,20150302,86.4
오봉,20150303,86.3
오봉,20150304,86.2
오봉,20150305,86.1
오봉,20150306,85.9
오봉,20150307,85.8
오봉,20150308,85.6
오봉,20150309,85.5
오봉,20150310,85.4
오봉,20150311,85.2
오봉,20150312,85
오봉,20150313,84.9
오봉,20150314,84.8
오봉,20150315,84.8
오봉,20150316,84.9
오봉,20150317,85
오봉,20150318,85.1
오봉,20150319,85.2
오봉,20150320,85.4
오봉,20150321,85.7
오봉,20150322,86.1
오봉,20150323,86.3
오봉,20150324,86.3
오봉,20150325,86.3
오봉,20150326,86.3
오봉,20150327,86.3
오봉,20150328,86.3
오봉,20150329,86.3
오봉,20150330,86.3
오봉,20150331,86.3
오봉,20150401,86.3
오봉,20150402,86.8
오봉,20150403,87.2
오봉,20150404,87.2
오봉,20150405,87.2
오봉,20150406,88.7
오봉,20150407,90.6
오봉,20150408,91.2
오봉,20150409,91.5
오봉,20150410,91.8
오봉,20150411,91.9
오봉,20150412,91.9
오봉,20150413,91.9
오봉,20150414,92.4
오봉,20150415,93.2
오봉,20150416,93.9
오봉,20150417,94.5
오봉,20150418,94.8
오봉,20150419,95
오봉,20150420,95.4
오봉,20150421,97.3
오봉,20150422,99
오봉,20150423,99
오봉,20150424,99
오봉,20150425,99
오봉,20150426,99
오봉,20150427,97.7
오봉,20150428,96.2
오봉,20150429,96
오봉,20150430,95.9
오봉,20150501,95.7
오봉,20150502,95.3
오봉,20150503,95
오봉,20150504,94.5
오봉,20150505,93.9
오봉,20150506,93.1
오봉,20150507,92.4
오봉,20150508,91.6
오봉,20150509,90.6
오봉,20150510,89.5
오봉,20150511,88.4
오봉,20150512,87.5
오봉,20150513,86.6
오봉,20150514,85.6
오봉,20150515,84.5
오봉,20150516,83.4
오봉,20150517,82.2
오봉,20150518,81.1
오봉,20150519,80.1
오봉,20150520,79.1
오봉,20150521,78
오봉,20150522,76.8
오봉,20150523,75.7
오봉,20150524,74.6
오봉,20150525,73.4
오봉,20150526,72.3
오봉,20150527,71.2
오봉,20150528,70.1
오봉,20150529,68.8
오봉,20150530,67.1
오봉,20150531,65.6
오봉,20150601,64.7
오봉,20150602,64
오봉,20150603,63.3
오봉,20150604,62.3
오봉,20150605,61.4
오봉,20150606,60.7
오봉,20150607,60.1
오봉,20150608,59.3
오봉,20150609,58.5
오봉,20150610,57.6
오봉,20150611,56.7
오봉,20150612,55.8
오봉,20150613,55
오봉,20150614,54.2
오봉,20150615,53.4
오봉,20150616,52.6
오봉,20150617,51.9
오봉,20150618,51.2
오봉,20150619,50.5
오봉,20150620,49.9
오봉,20150621,49.4
오봉,20150622,48.9
오봉,20150623,48.7
오봉,20150624,48.7
오봉,20150625,48.7
오봉,20150626,57.1
오봉,20150627,65.5
오봉,20150628,65.5
오봉,20150629,65.4
오봉,20150630,65.3
오봉,20150701,65.2
오봉,20150702,64.8
오봉,20150703,64.1
오봉,20150704,63.3
오봉,20150705,62.3
오봉,20150706,61.3
오봉,20150707,60.6
오봉,20150708,60.2
오봉,20150709,60
오봉,20150710,59.8
오봉,20150711,59.6
오봉,20150712,59.3
오봉,20150713,58.2
오봉,20150714,57
오봉,20150715,56.5
오봉,20150716,56.2
오봉,20150717,56
오봉,20150718,55.9
오봉,20150719,55.7
오봉,20150720,55
오봉,20150721,54.2
오봉,20150722,53.7
오봉,20150723,53.4
오봉,20150724,53.3
오봉,20150725,53.3
오봉,20150726,53.3
오봉,20150727,53.2
오봉,20150728,53.2
오봉,20150729,53.1
오봉,20150730,52.3
오봉,20150731,51.1
오봉,20150801,50
오봉,20150802,48.8
오봉,20150803,47.7
오봉,20150804,46.9
오봉,20150805,46.1
오봉,20150806,45.3
오봉,20150807,44.6
오봉,20150808,43.9
오봉,20150809,43.1
오봉,20150810,42.4
오봉,20150811,41.5
오봉,20150812,40.6
오봉,20150813,40.2
오봉,20150814,40.2
오봉,20150815,40.2
오봉,20150816,40.2
오봉,20150817,40.2
오봉,20150818,40
오봉,20150819,39.7
오봉,20150820,39.4
오봉,20150821,39.2
오봉,20150822,44.4
오봉,20150823,56
오봉,20150824,68.3
오봉,20150825,75.4
오봉,20150826,77.3
오봉,20150827,78.6
오봉,20150828,80.2
오봉,20150829,81.1
오봉,20150830,81.1
오봉,20150831,81.1
오봉,20150901,81.1
오봉,20150902,80.5
오봉,20150903,79.9
오봉,20150904,79.9
오봉,20150905,80
오봉,20150906,80.1
오봉,20150907,80.3
오봉,20150908,81.2
오봉,20150909,82
오봉,20150910,82
오봉,20150911,82
오봉,20150912,81.9
오봉,20150913,81.8
오봉,20150914,81.7
오봉,20150915,81.3
오봉,20150916,80.7
오봉,20150917,80.2
오봉,20150918,79.7
오봉,20150919,79
오봉,20150920,78.3
오봉,20150921,77.6
오봉,20150922,76.9
오봉,20150923,76.2
오봉,20150924,75.5
오봉,20150925,75
오봉,20150926,74.8
오봉,20150927,74.8
오봉,20150928,74.8
오봉,20150929,74.9
오봉,20150930,74.9
오봉,20151001,74.9
오봉,20151002,74.9
오봉,20151003,74.9
오봉,20151004,74.8
오봉,20151005,74.8
오봉,20151006,74.7
오봉,20151007,74.7
오봉,20151008,74.6
오봉,20151009,74.5
오봉,20151010,74.4
오봉,20151011,74.3
오봉,20151012,74.2
오봉,20151013,74.1
오봉,20151014,73.9
오봉,20151015,73.7
오봉,20151016,73.5
오봉,20151017,73.3
오봉,20151018,73.1
오봉,20151019,72.9
오봉,20151020,72.3
오봉,20151021,71.8
오봉,20151022,71.7
오봉,20151023,71.6
오봉,20151024,71.5
오봉,20151025,71.4
오봉,20151026,71.2
오봉,20151027,71
오봉,20151028,70.8
오봉,20151029,70.6
오봉,20151030,70.3
오봉,20151031,70.1
오봉,20151101,69.9
오봉,20151102,69.7
오봉,20151103,69.4
오봉,20151104,69.2
오봉,20151105,69.5
오봉,20151106,70.2
오봉,20151107,71.3
오봉,20151108,72.5
오봉,20151109,74.8
오봉,20151110,76.5
오봉,20151111,76.3
오봉,20151112,75.9
오봉,20151113,75.3
오봉,20151114,74.5
오봉,20151115,73.7
오봉,20151116,72.9
오봉,20151117,72.2
오봉,20151118,71.5
오봉,20151119,70.9
오봉,20151120,70.6
오봉,20151121,70.5
오봉,20151122,70.3
오봉,20151123,70.1
오봉,20151124,69.7
오봉,20151125,69.1
오봉,20151126,68.4
오봉,20151127,67.9
오봉,20151128,67.9
오봉,20151129,68
오봉,20151130,68.2
오봉,20151201,68.3
오봉,20151202,68.3
오봉,20151203,68.3
오봉,20151204,68.3
오봉,20151205,68.3
오봉,20151206,67.4
오봉,20151207,66.4
오봉,20151208,66.4
오봉,20151209,66.5
오봉,20151210,66.6
오봉,20151211,66.6
오봉,20151212,66.7
오봉,20151213,66.8
오봉,20151214,66.8
오봉,20151215,66.8
오봉,20151216,66.8
오봉,20151217,66.8
오봉,20151218,66.8
오봉,20151219,66.8
오봉,20151220,66.8
오봉,20151221,66.8
오봉,20151222,66.8
오봉,20151223,66.8
오봉,20151224,66.9
오봉,20151225,67
오봉,20151226,67.2
오봉,20151227,67.5
오봉,20151228,67.8
오봉,20151229,68.1
오봉,20151230,68.3
오봉,20151231,68.4
오봉,20160101,68.5
오봉,20160102,68.7
오봉,20160103,68.8
오봉,20160104,68.9
오봉,20160105,69.1
오봉,20160106,69.2
오봉,20160107,69.3
오봉,20160108,69.3
오봉,20160109,69.3
오봉,20160110,69.3
오봉,20160111,69.2
오봉,20160112,69.2
오봉,20160113,69.2
오봉,20160114,69.2
오봉,20160115,69.1
오봉,20160116,69.1
오봉,20160117,69.1
오봉,20160118,69
오봉,20160119,69
오봉,20160120,68.9
오봉,20160121,68.8
오봉,20160122,68.6
오봉,20160123,68.4
오봉,20160124,68.3
오봉,20160125,68.1
오봉,20160126,67.8
오봉,20160127,67.5
오봉,20160128,67.3
오봉,20160129,67.2
오봉,20160130,67.1
오봉,20160131,66.9
오봉,20160201,66.8
오봉,20160202,66.7
오봉,20160203,66.6
오봉,20160204,66.5
오봉,20160205,66.3
오봉,20160206,66.1
오봉,20160207,65.9
오봉,20160208,65.7
오봉,20160209,65.5
오봉,20160210,65.4
오봉,20160211,65.3
오봉,20160212,65.6
오봉,20160213,66.2
오봉,20160214,66.8
오봉,20160215,67.1
오봉,20160216,67.2
오봉,20160217,67.2
오봉,20160218,67.2
오봉,20160219,67.2
오봉,20160220,67.2
오봉,20160221,67.1
오봉,20160222,67.1
오봉,20160223,67
오봉,20160224,66.9
오봉,20160225,66.8
오봉,20160226,66.8
오봉,20160227,66.8
오봉,20160228,66.8
오봉,20160229,66.7
오봉,20160301,66.6
오봉,20160302,66.5
오봉,20160303,66.4
오봉,20160304,66.7
오봉,20160305,67.2
오봉,20160306,67.9
오봉,20160307,68.5
오봉,20160308,68.9
오봉,20160309,69.2
오봉,20160310,69.5
오봉,20160311,69.7
오봉,20160312,69.8
오봉,20160313,69.9
오봉,20160314,70
오봉,20160315,70.1
오봉,20160316,70.1
오봉,20160317,70.1
오봉,20160318,70.1
오봉,20160319,70.2
오봉,20160320,70.2
오봉,20160321,70.2
오봉,20160322,70.2
오봉,20160323,70.3
오봉,20160324,70.3
오봉,20160325,70.4
오봉,20160326,70.5
오봉,20160327,70.5
오봉,20160328,70.6
오봉,20160329,70.6
오봉,20160330,70.6
오봉,20160331,70.6
오봉,20160401,70.6
오봉,20160402,70.6
오봉,20160403,70.7
오봉,20160404,70.7
오봉,20160405,70.7
오봉,20160406,70.8
오봉,20160407,71.2
오봉,20160408,71.8
오봉,20160409,72.2
오봉,20160410,72.5
오봉,20160411,72.7
오봉,20160412,72.9
오봉,20160413,73
오봉,20160414,73.2
오봉,20160415,73.3
오봉,20160416,73.3
오봉,20160417,73.3
오봉,20160418,74.1
오봉,20160419,75.3
오봉,20160420,75.9
오봉,20160421,76.3
오봉,20160422,76.6
오봉,20160423,76.9
오봉,20160424,77.1
오봉,20160425,77.2
오봉,20160426,77.2
오봉,20160427,77.2
오봉,20160428,77.1
오봉,20160429,77.1
오봉,20160430,76.8
오봉,20160501,76.3
오봉,20160502,75.8
오봉,20160503,75.5
오봉,20160504,75.3
오봉,20160505,75
오봉,20160506,74.4
오봉,20160507,73.6
오봉,20160508,72.7
오봉,20160509,72.1
오봉,20160510,71.7
오봉,20160511,71.4
오봉,20160512,71.1
오봉,20160513,70.9
오봉,20160514,70.9
오봉,20160515,70.9
오봉,20160516,69.8
오봉,20160517,68.2
오봉,20160518,67.4
오봉,20160519,66.9
오봉,20160520,66.3
오봉,20160521,65.5
오봉,20160522,64
오봉,20160523,62.5
오봉,20160524,61.5
오봉,20160525,60.6
오봉,20160526,59.6
오봉,20160527,59
오봉,20160528,59
오봉,20160529,59
오봉,20160530,57.6
오봉,20160531,55.7
오봉,20160601,54.8
오봉,20160602,53.9
오봉,20160603,52.8
오봉,20160604,51.8
오봉,20160605,50.9
오봉,20160606,50.1
오봉,20160607,49.2
오봉,20160608,48.2
오봉,20160609,47.3
오봉,20160610,46.5
오봉,20160611,45.7
오봉,20160612,45.1
오봉,20160613,44.6
오봉,20160614,44.4
오봉,20160615,44.2
오봉,20160616,43.9
오봉,20160617,43.5
오봉,20160618,42.8
오봉,20160619,42.1
오봉,20160620,41.7
오봉,20160621,41.3
오봉,20160622,40.7
오봉,20160623,40.1
오봉,20160624,39.6
오봉,20160625,39.4
오봉,20160626,39.2
오봉,20160627,38.8
오봉,20160628,38.5
오봉,20160629,38.6
오봉,20160630,38.9
오봉,20160701,39.3
오봉,20160702,39.8
오봉,20160703,40.3
오봉,20160704,41.4
오봉,20160705,58
오봉,20160706,73.9
오봉,20160707,73.7
오봉,20160708,73.3
오봉,20160709,72.9
오봉,20160710,72.5
오봉,20160711,72.3
오봉,20160712,72.3
오봉,20160713,72.3
오봉,20160714,72.4
오봉,20160715,72.4
오봉,20160716,72.5
오봉,20160717,72.7
오봉,20160718,72.8
오봉,20160719,72.9
오봉,20160720,72.9
오봉,20160721,72.9
오봉,20160722,72.8
오봉,20160723,72.7
오봉,20160724,72.5
오봉,20160725,72.4
오봉,20160726,72.3
오봉,20160727,72.2
오봉,20160728,71.7
오봉,20160729,71.3
오봉,20160730,71.3
오봉,20160731,71.3
오봉,20160801,71.2
오봉,20160802,71
오봉,20160803,70.8
오봉,20160804,70.7
오봉,20160805,70.6
오봉,20160806,70.3
오봉,20160807,69.9
오봉,20160808,69.6
오봉,20160809,69.4
오봉,20160810,69.2
오봉,20160811,69
오봉,20160812,68.7
오봉,20160813,68.3
오봉,20160814,67.7
오봉,20160815,67
오봉,20160816,66.4
오봉,20160817,65.7
오봉,20160818,65.1
오봉,20160819,64.8
오봉,20160820,64.4
오봉,20160821,63.2
오봉,20160822,61.8
오봉,20160823,60.8
오봉,20160824,60.3
오봉,20160825,62.4
오봉,20160826,67.2
오봉,20160827,71.9
오봉,20160828,74
오봉,20160829,74
오봉,20160830,73.9
오봉,20160831,73.7
오봉,20160901,73.7
오봉,20160902,73.7
오봉,20160903,73.7
오봉,20160904,73.7
오봉,20160905,74
오봉,20160906,74.4
오봉,20160907,74.7
오봉,20160908,74.8
오봉,20160909,74.5
오봉,20160910,73.9
오봉,20160911,73.2
오봉,20160912,72.8
오봉,20160913,72.7
오봉,20160914,72.6
오봉,20160915,73
오봉,20160916,74
오봉,20160917,75.2
오봉,20160918,76.2
오봉,20160919,76.6
오봉,20160920,76.6
오봉,20160921,76.5
오봉,20160922,76.3
오봉,20160923,76.1
오봉,20160924,75.1
오봉,20160925,73.4
오봉,20160926,72.1
오봉,20160927,71.5
오봉,20160928,71.2
오봉,20160929,71.2
오봉,20160930,71.2
오봉,20161001,71.2
오봉,20161002,71.2
오봉,20161003,71.2
오봉,20161004,71.2
오봉,20161005,71.2
오봉,20161006,72
오봉,20161007,72.7
오봉,20161008,72.7
오봉,20161009,72.6
오봉,20161010,72.6
오봉,20161011,72.5
오봉,20161012,72.4
오봉,20161013,72.2
오봉,20161014,72
오봉,20161015,72.1
오봉,20161016,72.2
오봉,20161017,72.4
오봉,20161018,72.6
오봉,20161019,72.8
오봉,20161020,72.8
오봉,20161021,72.9
오봉,20161022,72.9
오봉,20161023,72.9
오봉,20161024,72.9
오봉,20161025,72.9
오봉,20161026,72.8
오봉,20161027,72.7
오봉,20161028,72.6
오봉,20161029,72.4
오봉,20161030,72.3
오봉,20161031,72
오봉,20161101,71.5
오봉,20161102,70.9
오봉,20161103,70.6
오봉,20161104,70.8
오봉,20161105,71.3
오봉,20161106,71.8
오봉,20161107,72
오봉,20161108,72
오봉,20161109,71.9
오봉,20161110,71.9
오봉,20161111,71.8
오봉,20161112,71.5
오봉,20161113,71
오봉,20161114,70.4
오봉,20161115,69.9
오봉,20161116,69.4
오봉,20161117,68.9
오봉,20161118,68.3
오봉,20161119,67.7
오봉,20161120,67.1
오봉,20161121,66.6
오봉,20161122,66.2
오봉,20161123,66
오봉,20161124,66
오봉,20161125,65.9
오봉,20161126,65.9
오봉,20161127,65.9
오봉,20161128,65.9
오봉,20161129,65.9
오봉,20161130,65.9
오봉,20161201,65.9
오봉,20161202,65.9
오봉,20161203,65.8
오봉,20161204,65.8
오봉,20161205,65.8
오봉,20161206,65.7
오봉,20161207,65.6
오봉,20161208,65.5
오봉,20161209,65.5
오봉,20161210,65.5
오봉,20161211,65.5
오봉,20161212,65.3
오봉,20161213,65.1
오봉,20161214,65.1
오봉,20161215,65.1
오봉,20161216,65.1
오봉,20161217,65.1
오봉,20161218,65.1
오봉,20161219,65.1
오봉,20161220,65.2
오봉,20161221,65.2
오봉,20161222,68.2
오봉,20161223,71.2
오봉,20161224,71.2
오봉,20161225,71.2
오봉,20161226,73.6
오봉,20161227,75.9
오봉,20161228,75.9
오봉,20161229,75.8
오봉,20161230,75.8
오봉,20161231,75.8
오봉,20170101,75.7
오봉,20170102,75.7
오봉,20170103,75.7
오봉,20170104,75.8
오봉,20170105,75.9
오봉,20170106,76
오봉,20170107,76
오봉,20170108,76.1
오봉,20170109,76.1
오봉,20170110,76.2
오봉,20170111,76.2
오봉,20170112,76.2
오봉,20170113,76.3
오봉,20170114,76.3
오봉,20170115,76.3
오봉,20170116,76.3
오봉,20170117,76.3
오봉,20170118,76.3
오봉,20170119,76.2
오봉,20170120,76.2
오봉,20170121,76.1
오봉,20170122,76.1
오봉,20170123,76
오봉,20170124,76
오봉,20170125,75.9
오봉,20170126,75.9
오봉,20170127,75.9
오봉,20170128,75.9
오봉,20170129,75.9
오봉,20170130,75.9
오봉,20170131,74.2
오봉,20170201,72.3
오봉,20170202,72.1
오봉,20170203,72
오봉,20170204,71.9
오봉,20170205,71.9
오봉,20170206,71.9
오봉,20170207,71.9
오봉,20170208,71.8
오봉,20170209,71.7
오봉,20170210,71.5
오봉,20170211,71.4
오봉,20170212,71.2
오봉,20170213,71.1
오봉,20170214,70.9
오봉,20170215,70.7
오봉,20170216,70.6
오봉,20170217,70.5
오봉,20170218,70.4
오봉,20170219,70.3
오봉,20170220,70.2
오봉,20170221,70
오봉,20170222,69.9
오봉,20170223,69.8
오봉,20170224,69.8
오봉,20170225,69.8
오봉,20170226,69.8
오봉,20170227,69.6
오봉,20170228,69.2
오봉,20170301,69
오봉,20170302,68.9
오봉,20170303,68.8
오봉,20170304,68.7
오봉,20170305,68.7
오봉,20170306,68.6
오봉,20170307,68.5
오봉,20170308,68.3
오봉,20170309,68.2
오봉,20170310,68.2
오봉,20170311,68.1
오봉,20170312,67.8
오봉,20170313,67.5
오봉,20170314,67.4
오봉,20170315,67.4
오봉,20170316,67.2
오봉,20170317,67.1
오봉,20170318,67.1
오봉,20170319,67.1
오봉,20170320,66.9
오봉,20170321,66.7
오봉,20170322,66.7
오봉,20170323,66.7
오봉,20170324,66.6
오봉,20170325,66.6
오봉,20170326,66.6
오봉,20170327,66.6
오봉,20170328,66.6
오봉,20170329,66.6
오봉,20170330,66.6
오봉,20170331,66.8
오봉,20170401,66.9
오봉,20170402,67.1
오봉,20170403,67.3
오봉,20170404,67.4
오봉,20170405,67.6
오봉,20170406,67.8
오봉,20170407,68
오봉,20170408,68.2
오봉,20170409,68.7
오봉,20170410,69.1
오봉,20170411,69.2
오봉,20170412,69.3
오봉,20170413,69.4
오봉,20170414,69.4
오봉,20170415,69.4
오봉,20170416,69.5
오봉,20170417,69.5
오봉,20170418,69.6
오봉,20170419,69.9
오봉,20170420,70.1
오봉,20170421,70.1
오봉,20170422,70.1
오봉,20170423,70.1
오봉,20170424,70
오봉,20170425,69.7
오봉,20170426,69.3
오봉,20170427,68.8
오봉,20170428,68.3
오봉,20170429,67.8
오봉,20170430,67.2
오봉,20170501,66.6
오봉,20170502,66
오봉,20170503,65.3
오봉,20170504,64.5
오봉,20170505,63.3
오봉,20170506,62
오봉,20170507,61.2
오봉,20170508,60.5
오봉,20170509,59.8
오봉,20170510,59
오봉,20170511,58.1
오봉,20170512,57.1
오봉,20170513,56
오봉,20170514,55
오봉,20170515,54
오봉,20170516,53.2
오봉,20170517,52.5
오봉,20170518,51.6
오봉,20170519,50.5
오봉,20170520,49.2
오봉,20170521,48
오봉,20170522,47.1
오봉,20170523,46.4
오봉,20170524,46.1
오봉,20170525,45.8
오봉,20170526,45.4
오봉,20170527,44.9
오봉,20170528,44
오봉,20170529,43
오봉,20170530,42.2
오봉,20170531,41.6
오봉,20170601,41.3
오봉,20170602,41
오봉,20170603,40.5
오봉,20170604,40.1
오봉,20170605,39.9
오봉,20170606,39.7
오봉,20170607,39.5
오봉,20170608,39
오봉,20170609,38.2
오봉,20170610,37
오봉,20170611,35.9
오봉,20170612,35.4
오봉,20170613,35.1
오봉,20170614,34.7
오봉,20170615,34.4
오봉,20170616,34.3
오봉,20170617,34.2
오봉,20170618,33
오봉,20170619,31.5
오봉,20170620,31
오봉,20170621,30.6
오봉,20170622,30.2
오봉,20170623,29.7
오봉,20170624,28.5
오봉,20170625,27.4
오봉,20170626,27.1
오봉,20170627,26.8
오봉,20170628,26.4
오봉,20170629,26.1
오봉,20170630,26.6
오봉,20170701,28.1
오봉,20170702,30.4
오봉,20170703,33.3
오봉,20170704,42.4
오봉,20170705,51.4
오봉,20170706,54
오봉,20170707,55.3
오봉,20170708,55.6
오봉,20170709,56
오봉,20170710,58.1
오봉,20170711,61
오봉,20170712,63.3
오봉,20170713,64.5
오봉,20170714,64.5
오봉,20170715,64.3
오봉,20170716,64.2
오봉,20170717,64
오봉,20170718,63.8
오봉,20170719,63.5
오봉,20170720,62.9
오봉,20170721,62.3
오봉,20170722,61.8
오봉,20170723,61.4
오봉,20170724,61.2
오봉,20170725,61.1
오봉,20170726,61
오봉,20170727,60.7
오봉,20170728,60.5
오봉,20170729,60.5
오봉,20170730,60.5
오봉,20170731,59.9
오봉,20170801,59.1
오봉,20170802,58.7
오봉,20170803,58.3
오봉,20170804,57.6
오봉,20170805,56.7
오봉,20170806,55.3
오봉,20170807,54
오봉,20170808,53.4
오봉,20170809,53.2
오봉,20170810,53.2
오봉,20170811,53.2
오봉,20170812,53.2
오봉,20170813,53.2
오봉,20170814,65.1
오봉,20170815,81.3
오봉,20170816,89.4
오봉,20170817,93.3
오봉,20170818,93.3
오봉,20170819,93.3
오봉,20170820,93.1
오봉,20170821,92.8
오봉,20170822,92.5
오봉,20170823,92.2
오봉,20170824,92
오봉,20170825,92
오봉,20170826,92
오봉,20170827,92
오봉,20170828,90.8
오봉,20170829,89.5
오봉,20170830,89.5
오봉,20170831,89.5
오봉,20170901,89.4
오봉,20170902,89.4
오봉,20170903,89.4
오봉,20170904,89.4
오봉,20170905,89.3
오봉,20170906,89.2
오봉,20170907,89.1
오봉,20170908,89.1
오봉,20170909,89.1
오봉,20170910,89.1
오봉,20170911,89.1
오봉,20170912,89.1
오봉,20170913,89.1
오봉,20170914,89
오봉,20170915,89
오봉,20170916,89
오봉,20170917,89
오봉,20170918,89
오봉,20170919,88.9
오봉,20170920,88.7
오봉,20170921,88.6
오봉,20170922,88.6
오봉,20170923,88.5
오봉,20170924,88.4
오봉,20170925,88.3
오봉,20170926,87.8
오봉,20170927,87.4
오봉,20170928,87.4
오봉,20170929,87.4
오봉,20170930,87.4
오봉,20171001,87.4
오봉,20171002,87.4
오봉,20171003,87.4
오봉,20171004,87.4
오봉,20171005,87.4
오봉,20171006,87.5
오봉,20171007,87.5
오봉,20171008,87.5
오봉,20171009,87.5
오봉,20171010,87.6
오봉,20171011,87.6
오봉,20171012,88.2
오봉,20171013,88.7
오봉,20171014,88.7
오봉,20171015,88.6
오봉,20171016,88.5
오봉,20171017,88.4
오봉,20171018,88.1
오봉,20171019,87.7
오봉,20171020,87.5
오봉,20171021,87.5
오봉,20171022,87.5
오봉,20171023,87.6
오봉,20171024,87.6
오봉,20171025,87.6
오봉,20171026,87.7
오봉,20171027,87.7
오봉,20171028,87.8
오봉,20171029,87.9
오봉,20171030,87.9
오봉,20171031,88
오봉,20171101,88
오봉,20171102,88.1
오봉,20171103,88.1
오봉,20171104,88.2
오봉,20171105,88.2
오봉,20171106,88.2
오봉,20171107,88.2
오봉,20171108,88.2
오봉,20171109,88.2
오봉,20171110,88.2
오봉,20171111,88.2
오봉,20171112,88.1
오봉,20171113,88.1
오봉,20171114,88.1
오봉,20171115,88
오봉,20171116,87.9
오봉,20171117,87.8
오봉,20171118,87.7
오봉,20171119,87.5
오봉,20171120,87.4
오봉,20171121,87.2
오봉,20171122,87
오봉,20171123,86.9
오봉,20171124,86.8
오봉,20171125,86.8
오봉,20171126,86.8
오봉,20171127,86.8
오봉,20171128,86.8
오봉,20171129,86.7
오봉,20171130,86.5
오봉,20171201,86.4
오봉,20171202,86.3
오봉,20171203,86.1
오봉,20171204,85.9
오봉,20171205,85.7
오봉,20171206,85.6
오봉,20171207,85.4
오봉,20171208,85.2
오봉,20171209,85
오봉,20171210,84.8
오봉,20171211,84.6
오봉,20171212,84.3
오봉,20171213,84
오봉,20171214,83.7
오봉,20171215,83.5
오봉,20171216,83.3
오봉,20171217,83
오봉,20171218,82.8
오봉,20171219,82.6
오봉,20171220,82.3
오봉,20171221,82.1
오봉,20171222,81.9
오봉,20171223,81.6
오봉,20171224,81.3
오봉,20171225,81
오봉,20171226,80.7
오봉,20171227,80.4
오봉,20171228,80.2
오봉,20171229,80
오봉,20171230,79.9
오봉,20171231,79.9
오봉,20180101,79.9
오봉,20180102,79.2
오봉,20180103,78.4
오봉,20180104,78.2
오봉,20180105,78.1
오봉,20180106,78
오봉,20180107,77.6
오봉,20180108,77.1
오봉,20180109,76.8
오봉,20180110,76.5
오봉,20180111,76.2
오봉,20180112,75.8
오봉,20180113,75.4
오봉,20180114,75
오봉,20180115,74.6
오봉,20180116,74.3
오봉,20180117,74
오봉,20180118,73.8
오봉,20180119,73.6
오봉,20180120,73.4
오봉,20180121,73
오봉,20180122,72.5
오봉,20180123,72.3
오봉,20180124,72
오봉,20180125,71
오봉,20180126,70.2
오봉,20180127,70.1
오봉,20180128,70.1
오봉,20180129,70
오봉,20180130,69.6
오봉,20180131,69.1
오봉,20180201,68.6
오봉,20180202,68.2
오봉,20180203,67.8
오봉,20180204,67.4
오봉,20180205,66.9
오봉,20180206,65.9
오봉,20180207,65.2
오봉,20180208,65.1
오봉,20180209,65
오봉,20180210,64.7
오봉,20180211,64.1
오봉,20180212,63.5
오봉,20180213,62.9
오봉,20180214,62.5
오봉,20180215,62.5
오봉,20180216,62.5
오봉,20180217,62.5
오봉,20180218,62.5
오봉,20180219,61.2
오봉,20180220,59.6
오봉,20180221,58.9
오봉,20180222,58.5
오봉,20180223,58.3
오봉,20180224,58.1
오봉,20180225,57.4
오봉,20180226,56.8
오봉,20180227,56.8
오봉,20180228,56.8
오봉,20180301,56.9
오봉,20180302,56.9
오봉,20180303,56.9
오봉,20180304,56.9
오봉,20180305,57.8
오봉,20180306,59
오봉,20180307,59.6
오봉,20180308,60.1
오봉,20180309,60.6
오봉,20180310,61
오봉,20180311,61.3
오봉,20180312,61.9
오봉,20180313,64.1
오봉,20180314,67.8
오봉,20180315,72.9
오봉,20180316,77.1
오봉,20180317,78.4
오봉,20180318,79.2
오봉,20180319,80.1
오봉,20180320,81.6
오봉,20180321,82.6
오봉,20180322,82.6
오봉,20180323,82.6
오봉,20180324,82.9
오봉,20180325,83.5
오봉,20180326,84.3
오봉,20180327,84.9
오봉,20180328,84.8
오봉,20180329,84.6
오봉,20180330,84.4
오봉,20180331,84.1
오봉,20180401,83.9
오봉,20180402,83.8
오봉,20180403,83.8
오봉,20180404,83.8
오봉,20180405,83.9
오봉,20180406,83.9
오봉,20180407,83.9
오봉,20180408,83.9
오봉,20180409,84
오봉,20180410,84
오봉,20180411,84
오봉,20180412,84
오봉,20180413,84
오봉,20180414,84.2
오봉,20180415,84.3
오봉,20180416,84.3
오봉,20180417,84.3
오봉,20180418,84.2
오봉,20180419,83.6
오봉,20180420,82.9
오봉,20180421,82.7
오봉,20180422,82.6
오봉,20180423,82.5
오봉,20180424,82.7
오봉,20180425,83.1
오봉,20180426,83.3
오봉,20180427,83.3
오봉,20180428,83.3
오봉,20180429,83.4
오봉,20180430,83.4
오봉,20180501,83.4
오봉,20180502,83.4
오봉,20180503,83.5
오봉,20180504,83.6
오봉,20180505,83.7
오봉,20180506,83.9
오봉,20180507,84.1
오봉,20180508,84.2
오봉,20180509,84.4
오봉,20180510,84.6
오봉,20180511,84.8
오봉,20180512,84.9
오봉,20180513,85
오봉,20180514,85
오봉,20180515,84.9
오봉,20180516,84.8
오봉,20180517,84.5
오봉,20180518,84.3
오봉,20180519,84.1
오봉,20180520,83.8
오봉,20180521,83.5
오봉,20180522,83.2
오봉,20180523,82.8
오봉,20180524,82.3
오봉,20180525,82
오봉,20180526,81.9
오봉,20180527,81.8
오봉,20180528,81.8
오봉,20180529,81.8
오봉,20180530,81.7
오봉,20180531,81.7
오봉,20180601,81.6
오봉,20180602,81.3
오봉,20180603,80.8
오봉,20180604,80.3
오봉,20180605,80
오봉,20180606,79.7
오봉,20180607,78.9
오봉,20180608,77.9
오봉,20180609,77.2
오봉,20180610,76.6
오봉,20180611,76.2
오봉,20180612,76.1
오봉,20180613,75.9
오봉,20180614,75.2
오봉,20180615,74.2
오봉,20180616,73.6
오봉,20180617,73.2
오봉,20180618,72.6
오봉,20180619,71.9
오봉,20180620,71
오봉,20180621,70
오봉,20180622,69.1
오봉,20180623,68.1
오봉,20180624,67.2
오봉,20180625,66.8
오봉,20180626,66.7
오봉,20180627,66.7
오봉,20180628,66.7
오봉,20180629,66.7
오봉,20180630,66.8
오봉,20180701,66.9
오봉,20180702,71.8
오봉,20180703,76.9
오봉,20180704,77.2
오봉,20180705,77.4
오봉,20180706,77.6
오봉,20180707,77.8
오봉,20180708,78.3
오봉,20180709,78.9
오봉,20180710,79.5
오봉,20180711,80.1
오봉,20180712,80.8
오봉,20180713,81.6
오봉,20180714,82.8
오봉,20180715,84
오봉,20180716,84.6
오봉,20180717,84.6
오봉,20180718,84.5
오봉,20180719,84.5
오봉,20180720,84.4
오봉,20180721,84
오봉,20180722,83.3
오봉,20180723,82.5
오봉,20180724,81.8
오봉,20180725,81
오봉,20180726,80.2
오봉,20180727,79.3
오봉,20180728,78.5
오봉,20180729,77.7
오봉,20180730,77
오봉,20180731,76.5
오봉,20180801,76
오봉,20180802,75
오봉,20180803,74.4
오봉,20180804,74.9
오봉,20180805,76.2
오봉,20180806,77.8
오봉,20180807,79.3
오봉,20180808,81
오봉,20180809,82.3
오봉,20180810,82.7
오봉,20180811,83.1
오봉,20180812,84.2
오봉,20180813,85
오봉,20180814,84.4
오봉,20180815,83.1
오봉,20180816,81.1
오봉,20180817,79.8
오봉,20180818,79.8
오봉,20180819,80
오봉,20180820,80.1
오봉,20180821,80.3
오봉,20180822,80.4
오봉,20180823,80.6
오봉,20180824,80.6
오봉,20180825,79.9
오봉,20180826,79.1
오봉,20180827,79.2
오봉,20180828,79.4
오봉,20180829,81.4
오봉,20180830,83.2
오봉,20180831,83.2
오봉,20180901,83.2
오봉,20180902,83.1
오봉,20180903,82.9
오봉,20180904,81.7
오봉,20180905,80.7
오봉,20180906,80.7
오봉,20180907,80.6
오봉,20180908,80.6
오봉,20180909,80.6
오봉,20180910,80.6
오봉,20180911,80.6
오봉,20180912,80.6
오봉,20180913,80.6
오봉,20180914,80.7
오봉,20180915,80.9
오봉,20180916,81.1
오봉,20180917,81.2
오봉,20180918,80.6
오봉,20180919,79.4
오봉,20180920,78.1
오봉,20180921,77.5
오봉,20180922,77.9
오봉,20180923,79
오봉,20180924,80.3
오봉,20180925,81.6
오봉,20180926,82.7
오봉,20180927,83.1
오봉,20180928,83
오봉,20180929,82.8
오봉,20180930,82.5
오봉,20181001,82.1
오봉,20181002,81.4
오봉,20181003,80.8
오봉,20181004,80.6
오봉,20181005,80.4
오봉,20181006,80.3
오봉,20181007,80
오봉,20181008,78.9
오봉,20181009,77.1
오봉,20181010,76.2
오봉,20181011,76.7
오봉,20181012,77.8
오봉,20181013,78.8
오봉,20181014,79.6
오봉,20181015,80.4
오봉,20181016,81.5
오봉,20181017,82.5
오봉,20181018,83.5
오봉,20181019,84.1
오봉,20181020,84.2
오봉,20181021,84.2
오봉,20181022,84.2
오봉,20181023,84.2
오봉,20181024,84.1
오봉,20181025,83.7
오봉,20181026,83
오봉,20181027,82.3
오봉,20181028,81.7
오봉,20181029,81.3
오봉,20181030,81.2
오봉,20181031,81.1
오봉,20181101,81.2
오봉,20181102,81.3
오봉,20181103,81.5
오봉,20181104,81.7
오봉,20181105,81.9
오봉,20181106,82.1
오봉,20181107,82.3
오봉,20181108,83
오봉,20181109,83.7
오봉,20181110,84.2
오봉,20181111,84.6
오봉,20181112,84.8
오봉,20181113,84.8
오봉,20181114,84.6
오봉,20181115,84.5
오봉,20181116,84.3
오봉,20181117,84.1
오봉,20181118,83.8
오봉,20181119,83.5
오봉,20181120,83.2
오봉,20181121,82.9
오봉,20181122,82.4
오봉,20181123,82
오봉,20181124,81.9
오봉,20181125,81.9
오봉,20181126,81.9
오봉,20181127,81.9
오봉,20181128,81.9
오봉,20181129,82
오봉,20181130,82
오봉,20181201,82.1
오봉,20181202,82.3
오봉,20181203,82.5
오봉,20181204,83
오봉,20181205,83.4
오봉,20181206,83.6
오봉,20181207,83.7
오봉,20181208,83.3
오봉,20181209,82.7
오봉,20181210,82.3
오봉,20181211,82.3
오봉,20181212,82.3
오봉,20181213,82.4
오봉,20181214,82.4
오봉,20181215,82.5
오봉,20181216,82.5
오봉,20181217,82.6
오봉,20181218,82.6
오봉,20181219,82.7
오봉,20181220,82.7
오봉,20181221,82.7
오봉,20181222,82.7
오봉,20181223,82.7
오봉,20181224,82.7
오봉,20181225,82.6
오봉,20181226,82.6
오봉,20181227,82.5
오봉,20181228,82.4
오봉,20181229,82.4
오봉,20181230,82.4
오봉,20181231,82.4
오봉,20190101,81.3
오봉,20190102,81.3
오봉,20190103,81.2
오봉,20190104,81.2
오봉,20190105,81.2
오봉,20190106,81.2
오봉,20190107,81
오봉,20190108,80.6
오봉,20190109,80.4
오봉,20190110,80.2
오봉,20190111,80.1
오봉,20190112,80
오봉,20190113,79.8
오봉,20190114,79.7
오봉,20190115,79.6
오봉,20190116,79.4
오봉,20190117,79.1
오봉,20190118,78.9
오봉,20190119,78.8
오봉,20190120,78.6
오봉,20190121,78.5
오봉,20190122,78.3
오봉,20190123,78.1
오봉,20190124,77.9
오봉,20190125,77.7
오봉,20190126,77.5
오봉,20190127,77.2
오봉,20190128,77
오봉,20190129,76.8
오봉,20190130,76.6
오봉,20190131,76.4
오봉,20190201,76.2
오봉,20190202,76
오봉,20190203,75.8
오봉,20190204,75.7
오봉,20190205,75.5
오봉,20190206,75.3
오봉,20190207,75.2
오봉,20190208,75.1
오봉,20190209,75
오봉,20190210,74.7
오봉,20190211,74.3
오봉,20190212,74
오봉,20190213,73.8
오봉,20190214,73.6
오봉,20190215,73.3
오봉,20190216,73
오봉,20190217,72.8
오봉,20190218,72.5
오봉,20190219,72.3
오봉,20190220,72.1
오봉,20190221,71.8
오봉,20190222,71.5
오봉,20190223,71.3
오봉,20190224,71
오봉,20190225,70.8
오봉,20190226,70.6
오봉,20190227,70.3
오봉,20190228,70.1
오봉,20190301,69.9
오봉,20190302,69.6
오봉,20190303,69.4
오봉,20190304,69.1
오봉,20190305,68.8
오봉,20190306,68.6
오봉,20190307,68.4
오봉,20190308,68.3
오봉,20190309,68.1
오봉,20190310,67.9
오봉,20190311,67.7
오봉,20190312,67.6
오봉,20190313,67.5
오봉,20190314,67.3
오봉,20190315,67.2
오봉,20190316,67.1
오봉,20190317,67.1
오봉,20190318,67.2
오봉,20190319,67.3
오봉,20190320,67.3
오봉,20190321,67.4
오봉,20190322,67.5
오봉,20190323,67.6
오봉,20190324,67.7
오봉,20190325,67.7
오봉,20190326,67.7
오봉,20190327,67.7
오봉,20190328,67.7
오봉,20190329,67.7
오봉,20190330,67.7
오봉,20190331,67.7
오봉,20190401,67.6
오봉,20190402,67.4
오봉,20190403,67.2
오봉,20190404,67
오봉,20190405,66.9
오봉,20190406,66.8
오봉,20190407,66.8
오봉,20190408,66.8
오봉,20190409,66.9
오봉,20190410,66.9
오봉,20190411,67
오봉,20190412,67.1
오봉,20190413,67.6
오봉,20190414,68.4
오봉,20190415,69
오봉,20190416,69.3
오봉,20190417,69.4
오봉,20190418,69.4
오봉,20190419,69.4
오봉,20190420,69.4
오봉,20190421,69.4
오봉,20190422,69.2
오봉,20190423,68.9
오봉,20190424,68.7
오봉,20190425,68.7
오봉,20190426,68.7
오봉,20190427,68.7
오봉,20190428,68.7
오봉,20190429,71.1
오봉,20190430,73.6
오봉,20190501,73.7
오봉,20190502,73.8
오봉,20190503,73.7
오봉,20190504,73.3
오봉,20190505,72.7
오봉,20190506,72.1
오봉,20190507,71.5
오봉,20190508,70.7
오봉,20190509,70
오봉,20190510,69.6
오봉,20190511,69.1
오봉,20190512,67.7
오봉,20190513,66.2
오봉,20190514,65.3
오봉,20190515,64.5
오봉,20190516,63.6
오봉,20190517,62.7
오봉,20190518,61.9
오봉,20190519,61.1
오봉,20190520,60.3
오봉,20190521,59.4
오봉,20190522,58.5
오봉,20190523,57.5
오봉,20190524,56.4
오봉,20190525,55.3
오봉,20190526,54.3
오봉,20190527,53.2
오봉,20190528,52.2
오봉,20190529,51.2
오봉,20190530,50.1
오봉,20190531,49
오봉,20190601,47.9
오봉,20190602,46.8
오봉,20190603,45.6
오봉,20190604,44
오봉,20190605,43
오봉,20190606,44
오봉,20190607,46.6
오봉,20190608,49.7
오봉,20190609,52.5
오봉,20190610,54.2
오봉,20190611,54.9
오봉,20190612,55.3
오봉,20190613,55.4
오봉,20190614,55.5
오봉,20190615,55.7
오봉,20190616,59.3
오봉,20190617,63.9
오봉,20190618,66.3
오봉,20190619,67.4
오봉,20190620,67.4
오봉,20190621,67.4
오봉,20190622,67.3
오봉,20190623,67.3
오봉,20190624,67.2
오봉,20190625,67.1
오봉,20190626,66.9
오봉,20190627,66.6
오봉,20190628,66.2
오봉,20190629,66
오봉,20190630,65.8
오봉,20190701,65.6
오봉,20190702,64.9
오봉,20190703,63.8
오봉,20190704,62.6
오봉,20190705,61.8
오봉,20190706,61.8
오봉,20190707,61.8
오봉,20190708,61.8
오봉,20190709,61.8
오봉,20190710,61.8
오봉,20190711,66.4
오봉,20190712,72.5
오봉,20190713,75.3
오봉,20190714,77.5
오봉,20190715,78.5
오봉,20190716,78.8
오봉,20190717,78.9
오봉,20190718,78.9
오봉,20190719,78.7
오봉,20190720,78.5
오봉,20190721,77.2
오봉,20190722,76
오봉,20190723,76.1
오봉,20190724,76.3
오봉,20190725,76.6
오봉,20190726,76.9
오봉,20190727,77.1
오봉,20190728,77.2
오봉,20190729,77.1
오봉,20190730,76.9
오봉,20190731,76.6
오봉,20190801,76.4
오봉,20190802,76.3
오봉,20190803,76.3
오봉,20190804,76.4
오봉,20190805,76.5
오봉,20190806,76.7
오봉,20190807,76.9
오봉,20190808,79.6
오봉,20190809,82.5
오봉,20190810,82.9
오봉,20190811,83.1
오봉,20190812,82.8
오봉,20190813,82.5
오봉,20190814,82.7
오봉,20190815,83.1
오봉,20190816,83.4
오봉,20190817,83.7
오봉,20190818,83.8
오봉,20190819,83.9
오봉,20190820,84.1
오봉,20190821,85
오봉,20190822,86.6
오봉,20190823,87.4
오봉,20190824,87.5
오봉,20190825,87.5
오봉,20190826,87.5
오봉,20190827,87.5
오봉,20190828,87.4
오봉,20190829,87.3
오봉,20190830,87.1
오봉,20190831,86.9
오봉,20190901,86.7
오봉,20190902,86.4
오봉,20190903,85.6
오봉,20190904,84.6
오봉,20190905,84.1
오봉,20190906,83.7
오봉,20190907,83.4
오봉,20190908,83.2
오봉,20190909,83
오봉,20190910,82.9
오봉,20190911,83.2
오봉,20190912,83.8
오봉,20190913,84.7
오봉,20190914,85.6
오봉,20190915,86.2
오봉,20190916,86.5
오봉,20190917,86.5
오봉,20190918,86.5
오봉,20190919,86.5
오봉,20190920,86.5
오봉,20190921,86.5
오봉,20190922,86.5
오봉,20190923,86.5
오봉,20190924,87
오봉,20190925,87.6
오봉,20190926,87.7
오봉,20190927,87.7
오봉,20190928,88.2
오봉,20190929,88.9
오봉,20190930,89.3
오봉,20191001,89.1
오봉,20191002,88.8
오봉,20191003,88.3
오봉,20191004,87.9
오봉,20191005,87.6
오봉,20191006,87.2
오봉,20191007,87
오봉,20191008,86.9
오봉,20191009,86.8
오봉,20191010,86.8
오봉,20191011,86.8
오봉,20191012,86.9
오봉,20191013,86.9
오봉,20191014,86.9
오봉,20191015,86.9
오봉,20191016,86.9
오봉,20191017,86.7
오봉,20191018,86.6
오봉,20191019,86.4
오봉,20191020,86.1
오봉,20191021,85.9
오봉,20191022,85.7
오봉,20191023,85.5
오봉,20191024,85.3
오봉,20191025,85.2
오봉,20191026,85.1
오봉,20191027,84.6
오봉,20191028,84.1
오봉,20191029,83.8
오봉,20191030,83.7
오봉,20191031,83.7
오봉,20191101,83.7
오봉,20191102,83.7
오봉,20191103,83.7
오봉,20191104,85.1
오봉,20191105,86.5
오봉,20191106,86.5
오봉,20191107,86.5
오봉,20191108,86.5
오봉,20191109,86.5
오봉,20191110,86.5
오봉,20191111,86.1
오봉,20191112,85.6
오봉,20191113,85.3
오봉,20191114,85.1
오봉,20191115,85
오봉,20191116,85
오봉,20191117,84.8
오봉,20191118,84.7
오봉,20191119,84.6
오봉,20191120,84.6
오봉,20191121,84.6
오봉,20191122,84.6
오봉,20191123,84.6
오봉,20191124,84.6
오봉,20191125,84.6
오봉,20191126,84.7
오봉,20191127,84.7
오봉,20191128,85
오봉,20191129,85.6
오봉,20191130,86.3
오봉,20191201,87
오봉,20191202,87.5
오봉,20191203,87.5
오봉,20191204,87.3
오봉,20191205,87.2
오봉,20191206,86.9
오봉,20191207,86.7
오봉,20191208,86.4
오봉,20191209,86.1
오봉,20191210,85.7
오봉,20191211,85.3
오봉,20191212,84.9
오봉,20191213,84.6
오봉,20191214,84.6
오봉,20191215,84.6
오봉,20191216,83.9
오봉,20191217,82.9
오봉,20191218,82.4
오봉,20191219,82
오봉,20191220,81.8
오봉,20191221,81.8
오봉,20191222,81.8
오봉,20191223,81.8
오봉,20191224,81.8
오봉,20191225,81.8
오봉,20191226,81.8
오봉,20191227,81.8
오봉,20191228,81.8
오봉,20191229,81.8
오봉,20191230,81.8
오봉,20191231,81.8
오봉,20200101,81.3
오봉,20200102,81.3
오봉,20200103,81.3
오봉,20200104,81.3
오봉,20200105,81.3
오봉,20200106,81.3
오봉,20200107,82.1
오봉,20200108,83.6
오봉,20200109,85.3
오봉,20200110,86.8
오봉,20200111,87.5
오봉,20200112,88
오봉,20200113,88.4
오봉,20200114,88.8
오봉,20200115,89
오봉,20200116,89.2
오봉,20200117,89.3
오봉,20200118,89.5
오봉,20200119,89.6
오봉,20200120,89.7
오봉,20200121,89.7
오봉,20200122,89.7
오봉,20200123,89.7
오봉,20200124,89.7
오봉,20200125,89.7
오봉,20200126,89.7
오봉,20200127,90.1
오봉,20200128,90.5
오봉,20200129,90.5
오봉,20200130,90.5
오봉,20200131,90.5
오봉,20200201,90.5
오봉,20200202,90.5
오봉,20200203,90.5
오봉,20200204,90.6
오봉,20200205,91
오봉,20200206,91.6
오봉,20200207,91.9
오봉,20200208,91.9
오봉,20200209,91.9
오봉,20200210,91.9
오봉,20200211,91.9
오봉,20200212,91.9
오봉,20200213,91.9
오봉,20200214,91.9
오봉,20200215,91.9
오봉,20200216,92.5
오봉,20200217,93.1
오봉,20200218,93.1
오봉,20200219,93.1
오봉,20200220,92.9
오봉,20200221,92.8
오봉,20200222,92.8
오봉,20200223,92.8
오봉,20200224,92.8
오봉,20200225,92.8
오봉,20200226,93.7
오봉,20200227,94.8
오봉,20200228,95.1
오봉,20200229,95.4
오봉,20200301,95.6
오봉,20200302,95.8
오봉,20200303,95.9
오봉,20200304,96
오봉,20200305,96
오봉,20200306,96
오봉,20200307,96
오봉,20200308,96
오봉,20200309,96
오봉,20200310,96.7
오봉,20200311,97.3
오봉,20200312,97.3
오봉,20200313,97.3
오봉,20200314,97.3
오봉,20200315,97.2
오봉,20200316,97.1
오봉,20200317,96.6
오봉,20200318,95.9
오봉,20200319,95.6
오봉,20200320,95.5
오봉,20200321,95.5
오봉,20200322,95.5
오봉,20200323,95.5
오봉,20200324,95.5
오봉,20200325,95.5
오봉,20200326,95.5
오봉,20200327,95.4
오봉,20200328,95.4
오봉,20200329,95.4
오봉,20200330,95.4
오봉,20200331,95.4
오봉,20200401,95.4
오봉,20200402,95.4
오봉,20200403,95.3
오봉,20200404,95.3
오봉,20200405,95
오봉,20200406,94.4
오봉,20200407,93.8
오봉,20200408,93.2
오봉,20200409,92.6
오봉,20200410,92.1
오봉,20200411,91.9
오봉,20200412,91.8
오봉,20200413,91.7
오봉,20200414,91.6
오봉,20200415,91.6
오봉,20200416,91.6
오봉,20200417,91.6
오봉,20200418,91.6
오봉,20200419,91.6
오봉,20200420,91.6
오봉,20200421,92.4
오봉,20200422,93.2
오봉,20200423,93.2
오봉,20200424,93.2
오봉,20200425,93.2
오봉,20200426,91.8
오봉,20200427,90.1
오봉,20200428,89.6
오봉,20200429,89.4
오봉,20200430,89.4
오봉,20200501,89.4
오봉,20200502,89.4
오봉,20200503,88.3
오봉,20200504,86.9
오봉,20200505,86.5
오봉,20200506,86.2
오봉,20200507,85.6
오봉,20200508,85.1
오봉,20200509,85
오봉,20200510,84.8
오봉,20200511,84.6
오봉,20200512,84.2
오봉,20200513,83.6
오봉,20200514,82.8
오봉,20200515,82.2
오봉,20200516,82.2
오봉,20200517,82.2
오봉,20200518,82.2
오봉,20200519,83.1
오봉,20200520,84.3
오봉,20200521,85.1
오봉,20200522,85.6
오봉,20200523,85.6
오봉,20200524,85.6
오봉,20200525,85.3
오봉,20200526,84.8
오봉,20200527,84.2
오봉,20200528,83.3
오봉,20200529,82.3
오봉,20200530,81.2
오봉,20200531,80
오봉,20200601,78.8
오봉,20200602,77.5
오봉,20200603,76.2
오봉,20200604,75
오봉,20200605,73.8
오봉,20200606,72.7
오봉,20200607,71.6
오봉,20200608,69.9
오봉,20200609,62.6
오봉,20200610,55.9
오봉,20200611,54.8
오봉,20200612,54
오봉,20200613,53
오봉,20200614,52
오봉,20200615,51
오봉,20200616,49.9
오봉,20200617,49.1
오봉,20200618,48.6
오봉,20200619,48.1
오봉,20200620,47.5
오봉,20200621,46.8
오봉,20200622,46
오봉,20200623,44.8
오봉,20200624,43.9
오봉,20200625,43.4
오봉,20200626,43.2
오봉,20200627,43.2
오봉,20200628,43.2
오봉,20200629,54.2
오봉,20200630,72.1
오봉,20200701,83.7
오봉,20200702,89.9
오봉,20200703,89.9
오봉,20200704,89.9
오봉,20200705,89.9
오봉,20200706,89.8
오봉,20200707,89.6
오봉,20200708,88.9
오봉,20200709,87.8
오봉,20200710,87.3
오봉,20200711,87.3
오봉,20200712,87.3
오봉,20200713,87.3
오봉,20200714,87.3
오봉,20200715,87.3
오봉,20200716,88.9
오봉,20200717,90.6
오봉,20200718,91.1
오봉,20200719,91.3
오봉,20200720,91.3
오봉,20200721,91.3
오봉,20200722,91.2
오봉,20200723,91
오봉,20200724,90.9
오봉,20200725,90.9
오봉,20200726,90.9
오봉,20200727,90.9
오봉,20200728,93.2
오봉,20200729,95.6
오봉,20200730,95.6
오봉,20200731,95.6
오봉,20200801,95.6
오봉,20200802,94.5
오봉,20200803,93.2
오봉,20200804,92.9
오봉,20200805,92.7
오봉,20200806,92.5
오봉,20200807,92.2
오봉,20200808,91.9
오봉,20200809,88.7
오봉,20200810,85
오봉,20200811,84.2
오봉,20200812,83.4
오봉,20200813,81.4
오봉,20200814,79.9
오봉,20200815,79.9
오봉,20200816,79.9
오봉,20200817,79.7
오봉,20200818,79.2
오봉,20200819,76.2
오봉,20200820,73.1
오봉,20200821,72.4
오봉,20200822,71.8
오봉,20200823,69.6
오봉,20200824,67.2
오봉,20200825,65.7
오봉,20200826,64.9
오봉,20200827,64.8
오봉,20200828,64.7
오봉,20200829,64.7
오봉,20200830,64.7
오봉,20200831,64.8
오봉,20200901,64.9
오봉,20200902,66.2
오봉,20200903,67.5
오봉,20200904,67.5
오봉,20200905,67.5
오봉,20200906,67.5
오봉,20200907,67.5
오봉,20200908,67
오봉,20200909,66.3
오봉,20200910,66
오봉,20200911,65.8
오봉,20200912,65.5
오봉,20200913,65.3
오봉,20200914,64.8
오봉,20200915,60.5
오봉,20200916,55.2
오봉,20200917,52.5
오봉,20200918,51.2
오봉,20200919,51.2
오봉,20200920,51.2
오봉,20200921,51.2
오봉,20200922,51.2
오봉,20200923,51.2
오봉,20200924,54.3
오봉,20200925,58.6
오봉,20200926,61
오봉,20200927,62.9
오봉,20200928,63.6
오봉,20200929,63.6
오봉,20200930,63.6
오봉,20201001,63.6
오봉,20201002,63.6
오봉,20201003,63.6
오봉,20201004,66.4
오봉,20201005,70.4
오봉,20201006,72.5
오봉,20201007,74.2
오봉,20201008,74.8
오봉,20201009,74.8
오봉,20201010,74.8
오봉,20201011,76.6
오봉,20201012,78.8
오봉,20201013,79.3
오봉,20201014,79.7
오봉,20201015,80.2
오봉,20201016,80.7
오봉,20201017,81.2
오봉,20201018,81.6
오봉,20201019,81.9
오봉,20201020,82.3
오봉,20201021,82.6
오봉,20201022,82.9
오봉,20201023,83.1
오봉,20201024,83.3
오봉,20201025,83.4
오봉,20201026,83.5
오봉,20201027,83.7
오봉,20201028,83.8
오봉,20201029,83.9
오봉,20201030,84
오봉,20201031,84
오봉,20201101,84
오봉,20201102,84.1
오봉,20201103,84.1
오봉,20201104,84.1
오봉,20201105,84.1
오봉,20201106,84.1
오봉,20201107,84
오봉,20201108,84
오봉,20201109,83.9
오봉,20201110,83.9
오봉,20201111,83.8
오봉,20201112,83.7
오봉,20201113,83.6
오봉,20201114,83.5
오봉,20201115,83.4
오봉,20201116,83.2
오봉,20201117,83.2
오봉,20201118,83.2
오봉,20201119,83.1
오봉,20201120,83.1
오봉,20201121,83.1
오봉,20201122,83.1
오봉,20201123,83.1
오봉,20201124,83
오봉,20201125,82.8
오봉,20201126,82.7
오봉,20201127,82.6
오봉,20201128,82.5
오봉,20201129,82.3
오봉,20201130,82
오봉,20201201,81.8
오봉,20201202,81.5
오봉,20201203,81.4
오봉,20201204,81.3
오봉,20201205,81.2
오봉,20201206,80.9
오봉,20201207,80.6
오봉,20201208,80.3
오봉,20201209,80.1
오봉,20201210,80
오봉,20201211,80
오봉,20201212,80
오봉,20201213,79.6
오봉,20201214,79.1
오봉,20201215,78.7
오봉,20201216,78.4
오봉,20201217,78.1
오봉,20201218,77.8
오봉,20201219,77.5
오봉,20201220,77.2
오봉,20201221,76.9
오봉,20201222,76.5
오봉,20201223,76.2
오봉,20201224,76
오봉,20201225,76
오봉,20201226,76
오봉,20201227,75.5
오봉,20201228,74.8
오봉,20201229,74.6
오봉,20201230,74.5
오봉,20201231,74.4
오봉,20210101,74
오봉,20210102,73.4
오봉,20210103,72.9
오봉,20210104,72.5
오봉,20210105,72.1
오봉,20210106,71.8
오봉,20210107,71.4
오봉,20210108,71
오봉,20210109,70.6
오봉,20210110,70.1
오봉,20210111,69.6
오봉,20210112,69.1
오봉,20210113,68.6
오봉,20210114,68.1
오봉,20210115,67.6
오봉,20210116,67.1
오봉,20210117,66.7
오봉,20210118,66.2
오봉,20210119,65.7
오봉,20210120,65.2
오봉,20210121,64.8
오봉,20210122,64.6
오봉,20210123,64.6
오봉,20210124,64.6
오봉,20210125,64.2
오봉,20210126,63.4
오봉,20210127,62.6
오봉,20210128,61.9
오봉,20210129,61.5
오봉,20210130,61.5
오봉,20210131,61.5
오봉,20210201,61.2
오봉,20210202,60.8
오봉,20210203,60.4
오봉,20210204,59.9
오봉,20210205,59.5
오봉,20210206,59.1
오봉,20210207,58.6
오봉,20210208,58.2
오봉,20210209,57.6
오봉,20210210,57.2
오봉,20210211,57.2
오봉,20210212,57.2
오봉,20210213,57.2
오봉,20210214,57.2
오봉,20210215,56.1
오봉,20210216,54.7
오봉,20210217,54.1
오봉,20210218,53.6
오봉,20210219,53.2
오봉,20210220,52.7
오봉,20210221,52.2
오봉,20210222,51.8
오봉,20210223,51.4
오봉,20210224,51
오봉,20210225,50.4
오봉,20210226,50.1
오봉,20210227,50.1
오봉,20210228,50.1
오봉,20210301,50.4
오봉,20210302,50.8
오봉,20210303,51
오봉,20210304,51.1
오봉,20210305,51.1
오봉,20210306,51.1
오봉,20210307,52.1
오봉,20210308,53.7
오봉,20210309,54.6
오봉,20210310,55.5
오봉,20210311,56.5
오봉,20210312,57.8
오봉,20210313,60.2
오봉,20210314,63.3
오봉,20210315,65.9
오봉,20210316,67.6
오봉,20210317,69
오봉,20210318,70
오봉,20210319,70.8
오봉,20210320,71.5
오봉,20210321,72
오봉,20210322,72.4
오봉,20210323,72.6
오봉,20210324,72.8
오봉,20210325,72.9
오봉,20210326,73
오봉,20210327,73
오봉,20210328,73
오봉,20210329,73.5
오봉,20210330,74.1
오봉,20210331,74.2
오봉,20210401,74.2
오봉,20210402,74.3
오봉,20210403,77.4
오봉,20210404,83.7
오봉,20210405,89.1
오봉,20210406,92.4
오봉,20210407,95
오봉,20210408,97.2
오봉,20210409,98.3
오봉,20210410,98.3
오봉,20210411,98.3
오봉,20210412,98.3
오봉,20210413,98.2
오봉,20210414,98.1
오봉,20210415,97.5
오봉,20210416,96.7
오봉,20210417,96
오봉,20210418,95.3
오봉,20210419,94.8
오봉,20210420,94.6
오봉,20210421,94.5
오봉,20210422,94.3
오봉,20210423,94.1
오봉,20210424,93.9
오봉,20210425,93.5
오봉,20210426,93
오봉,20210427,92.5
오봉,20210428,92
오봉,20210429,91.5
오봉,20210430,91.3
오봉,20210501,91.3
오봉,20210502,91.3
오봉,20210503,95.4
오봉,20210504,99.6
오봉,20210505,99.9
오봉,20210506,100
오봉,20210507,100
오봉,20210508,100
오봉,20210509,100
오봉,20210510,99.5
오봉,20210511,98.6
오봉,20210512,97.5
오봉,20210513,96.3
오봉,20210514,95.7
오봉,20210515,96.6
오봉,20210516,98.3
오봉,20210517,99.5
오봉,20210518,99.8
오봉,20210519,100
오봉,20210520,100
오봉,20210521,100
오봉,20210522,100
오봉,20210523,100
오봉,20210524,100
오봉,20210525,100
오봉,20210526,100
오봉,20210527,100
오봉,20210528,100
오봉,20210529,100
오봉,20210530,100
오봉,20210531,90.8
오봉,20210601,81.5
오봉,20210602,82.9
오봉,20210603,84.3
오봉,20210604,84.3
오봉,20210605,84.3
오봉,20210606,83.2
오봉,20210607,81.5
오봉,20210608,80.5
오봉,20210609,79.6
오봉,20210610,78.4
오봉,20210611,77.1
오봉,20210612,75.8
오봉,20210613,74.4
오봉,20210614,73.3
오봉,20210615,72.4
오봉,20210616,71.7
오봉,20210617,71.4
오봉,20210618,71.2
오봉,20210619,70.5
오봉,20210620,69.5
오봉,20210621,68.4
오봉,20210622,67.4
오봉,20210623,66.3
오봉,20210624,65.2
오봉,20210625,64.2
오봉,20210626,63.4
오봉,20210627,62.7
오봉,20210628,61.9
오봉,20210629,60.9
오봉,20210630,59.9
오봉,20210701,59.1
오봉,20210702,58.6
오봉,20210703,63
오봉,20210704,69.6
오봉,20210705,74.2
오봉,20210706,76.9
오봉,20210707,77.5
오봉,20210708,77.7
오봉,20210709,77.5
오봉,20210710,77.2
오봉,20210711,77
오봉,20210712,76.8
오봉,20210713,76.1
오봉,20210714,75.2
오봉,20210715,74.3
오봉,20210716,73.3
오봉,20210717,72.4
오봉,20210718,71.6
오봉,20210719,70.7
오봉,20210720,69.5
오봉,20210721,68.4
오봉,20210722,67.5
오봉,20210723,66.7
오봉,20210724,65.7
오봉,20210725,64.5
오봉,20210726,63.4
오봉,20210727,62.3
오봉,20210728,61.3
오봉,20210729,60
오봉,20210730,59.2
오봉,20210731,59.2
오봉,20210801,59.2
오봉,20210802,57.7
오봉,20210803,55.6
오봉,20210804,54.4
오봉,20210805,53.6
오봉,20210806,53.1
오봉,20210807,52.7
오봉,20210808,52.1
오봉,20210809,51.7
오봉,20210810,52.8
오봉,20210811,53.9
오봉,20210812,53.8
오봉,20210813,53.6
오봉,20210814,53.6
오봉,20210815,53.6
오봉,20210816,53.6
오봉,20210817,58.8
오봉,20210818,67.4
오봉,20210819,76.2
오봉,20210820,81.5
오봉,20210821,81.5
오봉,20210822,81.5
오봉,20210823,81.5
오봉,20210824,81.5
오봉,20210825,81.5
오봉,20210826,81.5
오봉,20210827,81.5
오봉,20210828,81.5
오봉,20210829,81.5
오봉,20210830,81.5
오봉,20210831,81.5
오봉,20210901,81.5
오봉,20210902,81.5
오봉,20210903,81.5
오봉,20210904,81.5
오봉,20210905,81.5
오봉,20210906,81.5
오봉,20210907,81.5
오봉,20210908,81.5
오봉,20210909,81.5
오봉,20210910,81.5
오봉,20210911,81.5
오봉,20210912,81.5
오봉,20210913,81.5
오봉,20210914,81.5
오봉,20210915,81.5
오봉,20210916,81.5
오봉,20210917,81.5
오봉,20210918,81.5
오봉,20210919,81.5
오봉,20210920,81.5
오봉,20210921,81.5
오봉,20210922,81.5
오봉,20210923,81.5
오봉,20210924,81.5
오봉,20210925,81.5
오봉,20210926,81.5
오봉,20210927,81.5
오봉,20210928,81
오봉,20210929,80.4
오봉,20210930,80
오봉,20211001,79.8
오봉,20211002,79.8
오봉,20211003,79.8
오봉,20211004,79.8
오봉,20211005,78.5
오봉,20211006,77.1
오봉,20211007,77.9
오봉,20211008,78.6
오봉,20211009,78.6
오봉,20211010,78.6
오봉,20211011,80.1
오봉,20211012,81.5
오봉,20211013,81.5
오봉,20211014,81.5
오봉,20211015,81.5
오봉,20211016,81.5
오봉,20211017,81.5
오봉,20211018,81.5
오봉,20211019,81.5
오봉,20211020,81.5
오봉,20211021,85.2
오봉,20211022,88.9
오봉,20211023,87
오봉,20211024,83.4
오봉,20211025,81.5
오봉,20211026,81.5
오봉,20211027,81.5
오봉,20211028,81.5
오봉,20211029,81.5
오봉,20211030,81.5
오봉,20211031,81.5
오봉,20211101,81.5
오봉,20211102,81.5
오봉,20211103,81.5
오봉,20211104,81.5
오봉,20211105,81.5
오봉,20211106,81.5
오봉,20211107,81.5
오봉,20211108,81.5
오봉,20211109,81.5
오봉,20211110,81.5
오봉,20211111,81.5
오봉,20211112,81.5
오봉,20211113,81.5
오봉,20211114,81.5
오봉,20211115,81.5
오봉,20211116,81.5
오봉,20211117,81.5
오봉,20211118,81.5
오봉,20211119,81.5
오봉,20211120,81.5
오봉,20211121,81.5
오봉,20211122,81.5
오봉,20211123,81.5
오봉,20211124,81.5
오봉,20211125,81.5
오봉,20211126,81.5
오봉,20211127,81.5
오봉,20211128,81.5
오봉,20211129,81.5
오봉,20211130,81.5
오봉,20211201,81.5
오봉,20211202,81.5
오봉,20211203,81.5
오봉,20211204,81.5
오봉,20211205,81.5
오봉,20211206,81.5
오봉,20211207,81.5
오봉,20211208,81.5
오봉,20211209,81.5
오봉,20211210,81.5
오봉,20211211,81.5
오봉,20211212,81.5
오봉,20211213,81.5
오봉,20211214,81.5
오봉,20211215,81.5
오봉,20211216,81.5
오봉,20211217,81.5
오봉,20211218,81.5
오봉,20211219,81.5
오봉,20211220,81.5
오봉,20211221,81.5
오봉,20211222,81.4
오봉,20211223,81.3
오봉,20211224,81.1
오봉,20211225,80.8
오봉,20211226,80.4
오봉,20211227,80
오봉,20211228,79.6
오봉,20211229,79.3
오봉,20211230,79
오봉,20211231,78.8
오봉,20220101,95.5
오봉,20220102,95.1
오봉,20220103,94.7
오봉,20220104,94.5
오봉,20220105,94.2
오봉,20220106,93.9
오봉,20220107,93.5
오봉,20220108,93.2
오봉,20220109,92.8
오봉,20220110,92.5
오봉,20220111,92.1
오봉,20220112,91.8
오봉,20220113,91.4
오봉,20220114,91
오봉,20220115,90.6
오봉,20220116,90.2
오봉,20220117,89.8
오봉,20220118,89.4
오봉,20220119,89
오봉,20220120,88.6
오봉,20220121,88.3
오봉,20220122,87.9
오봉,20220123,87.5
오봉,20220124,87.1
오봉,20220125,86.8
오봉,20220126,86.4
오봉,20220127,85.9
오봉,20220128,85.6
오봉,20220129,85.6
오봉,20220130,85.6
오봉,20220131,85.6
오봉,20220201,85.6
오봉,20220202,85.6
오봉,20220203,84.4
오봉,20220204,82.8
오봉,20220205,82.2
오봉,20220206,81.9
오봉,20220207,81.5
오봉,20220208,81.1
오봉,20220209,80.6
오봉,20220210,80.1
오봉,20220211,79.7
오봉,20220212,79.3
오봉,20220213,78.9
오봉,20220214,78.6
오봉,20220215,78.3
오봉,20220216,78
오봉,20220217,77.5
오봉,20220218,76.9
오봉,20220219,76.5
오봉,20220220,76
오봉,20220221,75.6
오봉,20220222,75.3
오봉,20220223,75
오봉,20220224,74.4
오봉,20220225,73.7
오봉,20220226,73.3
오봉,20220227,72.9
오봉,20220228,72.4
오봉,20220301,72
오봉,20220302,71.6
오봉,20220303,71.2
오봉,20220304,70.8
오봉,20220305,70.4
오봉,20220306,69.9
오봉,20220307,69.6
오봉,20220308,69.3
오봉,20220309,69.1
오봉,20220310,68.5
오봉,20220311,67.9
오봉,20220312,67.6
오봉,20220313,67.4
오봉,20220314,67.2
오봉,20220315,66.8
오봉,20220316,66.5
오봉,20220317,66.4
오봉,20220318,66.4
오봉,20220319,66.4
오봉,20220320,66.7
오봉,20220321,67.2
오봉,20220322,67.5
오봉,20220323,67.7
오봉,20220324,67.8
오봉,20220325,67.9
오봉,20220326,67.9
오봉,20220327,67.9
오봉,20220328,71.4
오봉,20220329,75.7
오봉,20220330,76.7
오봉,20220331,77.4
오봉,20220401,78
오봉,20220402,78.6
오봉,20220403,79.2
오봉,20220404,79.6
오봉,20220405,79.9
오봉,20220406,80
오봉,20220407,80.1
오봉,20220408,80.2
오봉,20220409,80.2
오봉,20220410,80.2
오봉,20220411,80.2
오봉,20220412,80.2
오봉,20220413,80.2
오봉,20220414,80.2
오봉,20220415,80.2
오봉,20220416,80.2
오봉,20220417,80.2
오봉,20220418,80
오봉,20220419,79.8
오봉,20220420,79.6
오봉,20220421,79.3
오봉,20220422,79.1
오봉,20220423,78.8
오봉,20220424,78.6
오봉,20220425,78.4
오봉,20220426,78.2
오봉,20220427,78.1
오봉,20220428,78.1
오봉,20220429,78.1
오봉,20220430,78.1
오봉,20220501,78.1
오봉,20220502,78.1
오봉,20220503,78.1
오봉,20220504,78.1
오봉,20220505,77.7
오봉,20220506,76.9
오봉,20220507,76.2
오봉,20220508,75.6
오봉,20220509,74.8
오봉,20220510,74
오봉,20220511,73.1
오봉,20220512,72.5
오봉,20220513,72
오봉,20220514,71.1
오봉,20220515,70
오봉,20220516,69
오봉,20220517,68.2
오봉,20220518,67.3
오봉,20220519,66.3
오봉,20220520,65.3
오봉,20220521,64.3
오봉,20220522,63.3
오봉,20220523,62.3
오봉,20220524,61.2
오봉,20220525,60.1
오봉,20220526,58.9
오봉,20220527,57.6
오봉,20220528,56.4
오봉,20220529,55.2
오봉,20220530,54.2
오봉,20220531,53.5
오봉,20220601,52.9
오봉,20220602,51.3
오봉,20220603,50
오봉,20220604,50
오봉,20220605,50
오봉,20220606,50.7
오봉,20220607,51.9
오봉,20220608,53.9
오봉,20220609,55.3
오봉,20220610,55.3
오봉,20220611,55.3
오봉,20220612,55.5
오봉,20220613,55.7
오봉,20220614,56.1
오봉,20220615,56.5
오봉,20220616,56.7
오봉,20220617,56.7
오봉,20220618,56.7
오봉,20220619,56.5
오봉,20220620,56.3
오봉,20220621,56.3
오봉,20220622,56.3
오봉,20220623,56.6
오봉,20220624,57.2
오봉,20220625,58.7
오봉,20220626,60.9
오봉,20220627,62.6
오봉,20220628,63.3
오봉,20220629,63.9
오봉,20220630,66
오봉,20220701,67.6
오봉,20220702,67.6
오봉,20220703,67.6
오봉,20220704,67.7
오봉,20220705,67.7
오봉,20220706,67.7
오봉,20220707,67.5
오봉,20220708,67.3
오봉,20220709,67.3
오봉,20220710,67.3
오봉,20220711,67.5
오봉,20220712,68.1
오봉,20220713,69.6
오봉,20220714,71.5
오봉,20220715,72.7
오봉,20220716,74
오봉,20220717,76.6
오봉,20220718,78.4
오봉,20220719,78.5
오봉,20220720,78.6
오봉,20220721,80.5
오봉,20220722,83.9
오봉,20220723,88.7
오봉,20220724,94.7
오봉,20220725,100
오봉,20220726,100
오봉,20220727,100
오봉,20220728,100
오봉,20220729,100
오봉,20220730,100
오봉,20220731,100
오봉,20220801,100
오봉,20220802,100
오봉,20220803,100
오봉,20220804,99.6
오봉,20220805,99
오봉,20220806,99
오봉,20220807,99
오봉,20220808,99
오봉,20220809,98.1
오봉,20220810,97.1
오봉,20220811,97.1
오봉,20220812,97.1
오봉,20220813,97.1
오봉,20220814,97.1
오봉,20220815,97.3
오봉,20220816,97.6
오봉,20220817,99.7
오봉,20220818,100
오봉,20220819,100
오봉,20220820,100
오봉,20220821,99
오봉,20220822,96.4
오봉,20220823,96.3
오봉,20220824,96.1
오봉,20220825,95.6
오봉,20220826,95.2
오봉,20220827,95.2
오봉,20220828,95.2
오봉,20220829,95.2
오봉,20220830,95.2
오봉,20220831,95.9
오봉,20220901,96.8
오봉,20220902,96.8
오봉,20220903,96.8
오봉,20220904,96.8
오봉,20220905,96.8
오봉,20220906,96.8
오봉,20220907,100
오봉,20220908,100
오봉,20220909,100
오봉,20220910,100
오봉,20220911,100
오봉,20220912,100
오봉,20220913,100
오봉,20220914,100
오봉,20220915,100
오봉,20220916,100
오봉,20220917,100
오봉,20220918,100
오봉,20220919,100
오봉,20220920,100
오봉,20220921,100
오봉,20220922,100
오봉,20220923,100
오봉,20220924,100
오봉,20220925,100
오봉,20220926,100
오봉,20220927,100
오봉,20220928,100
오봉,20220929,100
오봉,20220930,100
오봉,20221001,100
오봉,20221002,100
오봉,20221003,100
오봉,20221004,100
오봉,20221005,100
오봉,20221006,100
오봉,20221007,100
오봉,20221008,100
오봉,20221009,100
오봉,20221010,100
오봉,20221011,100
오봉,20221012,100
오봉,20221013,100
오봉,20221014,100
오봉,20221015,100
오봉,20221016,100
오봉,20221017,100
오봉,20221018,100
오봉,20221019,100
오봉,20221020,100
오봉,20221021,100
오봉,20221022,100
오봉,20221023,100
오봉,20221024,100
오봉,20221025,100
오봉,20221026,100
오봉,20221027,100
오봉,20221028,100
오봉,20221029,100
오봉,20221030,100
오봉,20221031,100
오봉,20221101,100
오봉,20221102,100
오봉,20221103,100
오봉,20221104,100
오봉,20221105,100
오봉,20221106,100
오봉,20221107,100
오봉,20221108,100
오봉,20221109,100
오봉,20221110,100
오봉,20221111,100
오봉,20221112,100
오봉,20221113,100
오봉,20221114,100
오봉,20221115,100
오봉,20221116,100
오봉,20221117,100
오봉,20221118,100
오봉,20221119,100
오봉,20221120,100
오봉,20221121,100
오봉,20221122,100
오봉,20221123,100
오봉,20221124,100
오봉,20221125,100
오봉,20221126,100
오봉,20221127,100
오봉,20221128,100
오봉,20221129,100
오봉,20221130,100
오봉,20221201,100
오봉,20221202,100
오봉,20221203,100
오봉,20221204,100
오봉,20221205,100
오봉,20221206,100
오봉,20221207,100
오봉,20221208,100
오봉,20221209,100
오봉,20221210,100
오봉,20221211,100
오봉,20221212,100
오봉,20221213,100
오봉,20221214,100
오봉,20221215,100
오봉,20221216,100
오봉,20221217,100
오봉,20221218,100
오봉,20221219,100
오봉,20221220,100
오봉,20221221,100
오봉,20221222,100
오봉,20221223,100
오봉,20221224,100
오봉,20221225,100
오봉,20221226,100
오봉,20221227,100
오봉,20221228,100
오봉,20221229,100
오봉,20221230,100
오봉,20221231,100
오봉,20230101,89.7
오봉,20230102,88.8
오봉,20230103,88.4
오봉,20230104,88.1
오봉,20230105,87.9
오봉,20230106,87.6
오봉,20230107,87.6
오봉,20230108,87.6
오봉,20230109,86.7
오봉,20230110,86.6
오봉,20230111,86.3
오봉,20230112,86
오봉,20230113,85.8
오봉,20230114,85.8
오봉,20230115,85.8
오봉,20230116,87.4
오봉,20230117,87.4
오봉,20230118,87.5
오봉,20230119,87.3
오봉,20230120,87.2
오봉,20230121,87.2
오봉,20230122,87.2
오봉,20230123,87.2
오봉,20230124,87.2
오봉,20230125,86.3
오봉,20230126,86
오봉,20230127,85.7
오봉,20230128,85.7
오봉,20230129,85.7
오봉,20230130,84.8
오봉,20230131,84.6
오봉,20230201,84.4
오봉,20230202,84.1
오봉,20230203,83.9
오봉,20230204,83.9
오봉,20230205,83.9
오봉,20230206,83.1
오봉,20230207,82.8
오봉,20230208,82.5
오봉,20230209,82.3
오봉,20230210,82
오봉,20230211,82
오봉,20230212,82
오봉,20230213,81.4
오봉,20230214,81.3
오봉,20230215,81.1
오봉,20230216,80.8
오봉,20230217,80.6
오봉,20230218,80.6
오봉,20230219,80.6
오봉,20230220,80
오봉,20230221,79.9
오봉,20230222,79.6
오봉,20230223,79.4
오봉,20230224,79.2
오봉,20230225,79.2
오봉,20230226,79.2
오봉,20230227,78.5
오봉,20230228,78.1
오봉,20230301,78.1
오봉,20230302,77.7
오봉,20230303,77.4
오봉,20230304,77.4
오봉,20230305,77.4
오봉,20230306,76.7
오봉,20230307,76.6
오봉,20230308,76.4
오봉,20230309,76.5
오봉,20230310,76.6
오봉,20230311,76.6
오봉,20230312,76.6
오봉,20230313,76.5
오봉,20230314,76.5
오봉,20230315,76.3
오봉,20230316,76.1
오봉,20230317,76
오봉,20230318,76
오봉,20230319,76
오봉,20230320,75.3
오봉,20230321,75
오봉,20230322,74.8
오봉,20230323,74.6
오봉,20230324,74.6
오봉,20230325,74.6
오봉,20230326,74.6
오봉,20230327,74
오봉,20230328,73.7
오봉,20230329,73.4
오봉,20230330,73.2
오봉,20230331,72.9
오봉,20230401,72.9
오봉,20230402,72.9
오봉,20230403,72
오봉,20230404,71.8
오봉,20230405,71.6
오봉,20230406,71.7
오봉,20230407,71.6
오봉,20230408,71.6
오봉,20230409,71.6
오봉,20230410,71
오봉,20230411,70.5
오봉,20230412,70.4
오봉,20230413,70
오봉,20230414,69.6
오봉,20230415,69.6
오봉,20230416,69.6
오봉,20230417,68.2
오봉,20230418,67.8
오봉,20230419,67.6
오봉,20230420,67.1
오봉,20230421,66.5
오봉,20230422,66.5
오봉,20230423,66.5
오봉,20230424,64.8
오봉,20230425,64.3
오봉,20230426,63.7
오봉,20230427,63.3
오봉,20230428,62.6
오봉,20230429,62.6
오봉,20230430,62.6
오봉,20230501,60
오봉,20230502,58.5
오봉,20230503,57.9
오봉,20230504,56.3
오봉,20230505,55.5
오봉,20230506,55.5
오봉,20230507,55.5
오봉,20230508,60.9
오봉,20230509,61
오봉,20230510,60.6
오봉,20230511,59.9
오봉,20230512,59.2
오봉,20230513,59.2
오봉,20230514,59.2
오봉,20230515,56.4
오봉,20230516,55.9
오봉,20230517,54.8
오봉,20230518,53.8
오봉,20230519,52.7
오봉,20230520,52.7
오봉,20230521,52.7
오봉,20230522,49.8
오봉,20230523,48.6
오봉,20230524,47.6
오봉,20230525,46.7
오봉,20230526,45.8
오봉,20230527,45.8
오봉,20230528,45.8
오봉,20230529,44
오봉,20230530,44
오봉,20230531,43.4
오봉,20230601,42.6
오봉,20230602,41.9
오봉,20230603,41.9
오봉,20230604,41.9
오봉,20230605,39.2
오봉,20230606,37.9
오봉,20230607,37.1
오봉,20230608,36.2
오봉,20230609,35.7
오봉,20230610,35.7
오봉,20230611,35.7
오봉,20230612,34.9
오봉,20230613,34.7
오봉,20230614,34.3
오봉,20230615,33.8
오봉,20230616,33.2
오봉,20230617,33.2
오봉,20230618,33.2
오봉,20230619,31
오봉,20230620,30.4
오봉,20230621,29.9
오봉,20230622,30.6
오봉,20230623,30.6
오봉,20230624,30.6
오봉,20230625,30.6
오봉,20230626,29.7
오봉,20230627,31.9
오봉,20230628,32.8
오봉,20230629,33
오봉,20230630,36.4
오봉,20230701,36.4
오봉,20230702,39.2
오봉,20230703,39.4
오봉,20230704,39.5
오봉,20230705,39.9
오봉,20230706,40.2
오봉,20230707,40.2
오봉,20230708,40.2
오봉,20230709,40.2
오봉,20230710,41
오봉,20230711,41.6
오봉,20230712,42.5
오봉,20230713,43.2
오봉,20230714,44.3
오봉,20230715,47.4
오봉,20230716,51.1
오봉,20230717,51.9
오봉,20230718,53
오봉,20230719,54.9
오봉,20230720,55.9
오봉,20230721,56.3
오봉,20230722,56.3
오봉,20230723,56.3
오봉,20230724,56
오봉,20230725,55.6
오봉,20230726,55.1
오봉,20230727,54.4
오봉,20230728,53.8
오봉,20230729,53.8
오봉,20230730,53.8
오봉,20230731,51.2
오봉,20230801,50.4
오봉,20230802,48.8
오봉,20230803,47.7
오봉,20230804,46.9
오봉,20230805,46.9
오봉,20230806,46.9
오봉,20230807,44.3
오봉,20230808,44.4
오봉,20230809,44.6
오봉,20230810,62.7
오봉,20230811,84.4
오봉,20230812,84.4
오봉,20230813,84.4
오봉,20230814,73.8
오봉,20230815,73.8
오봉,20230816,75.4
오봉,20230817,75.9
오봉,20230818,75.9
오봉,20230819,75.9
오봉,20230820,75.9
오봉,20230821,76.4
오봉,20230822,76.7
오봉,20230823,76.5
오봉,20230824,76.6
오봉,20230825,80.8
오봉,20230826,80.8
오봉,20230827,80.8
오봉,20230828,82.5
오봉,20230829,81.7
오봉,20230830,79.4
오봉,20230831,81.7
오봉,20230901,83.3
오봉,20230902,83.3
오봉,20230903,83.3
오봉,20230904,84.2
오봉,20230905,84
오봉,20230906,83.7
오봉,20230907,83.2
오봉,20230908,82.5
오봉,20230909,82.5
오봉,20230910,82.5
오봉,20230911,80
오봉,20230912,79.3
오봉,20230913,79
오봉,20230914,81.6
오봉,20230915,88.3
오봉,20230916,88.3
오봉,20230917,88.3
오봉,20230918,86.7
오봉,20230919,86.9
오봉,20230920,89.8
오봉,20230921,90.7
오봉,20230922,84.7
오봉,20230923,84.7
오봉,20230924,84.7
오봉,20230925,89
오봉,20230926,91.1
오봉,20230927,93.8
오봉,20230928,93.8
오봉,20230929,93.8
오봉,20230930,93.8
오봉,20231001,93.8
오봉,20231002,93.8
오봉,20231003,93.8
오봉,20231004,90.8
오봉,20231005,90.8
오봉,20231006,90.4
오봉,20231007,90.4
오봉,20231008,90.4
오봉,20231009,90.4
오봉,20231010,90
오봉,20231011,89.8
오봉,20231012,89.5
오봉,20231013,89
오봉,20231014,89
오봉,20231015,89
오봉,20231016,88.3
오봉,20231017,88.4
오봉,20231018,88.5
오봉,20231019,88.6
오봉,20231020,88.6
오봉,20231021,88.6
오봉,20231022,88.6
오봉,20231023,88.6
오봉,20231024,88.6
오봉,20231025,88.5
오봉,20231026,88.4
오봉,20231027,88.6
오봉,20231028,88.6
오봉,20231029,88.6
오봉,20231030,89.9
오봉,20231031,89.9
오봉,20231101,89.8
오봉,20231102,89.7
오봉,20231103,89.6
오봉,20231104,89.6
오봉,20231105,89.6
오봉,20231106,90.6
오봉,20231107,91.2
오봉,20231108,91.7
오봉,20231109,91.8
오봉,20231110,91.8
오봉,20231111,91.8
오봉,20231112,91.8
오봉,20231113,91.9
오봉,20231114,91.9
오봉,20231115,91.9
오봉,20231116,91.9
오봉,20231117,91.9
오봉,20231118,91.9
오봉,20231119,91.9
오봉,20231120,91.9
오봉,20231121,90.9
오봉,20231122,90.5
오봉,20231123,90.5
오봉,20231124,90.3
오봉,20231125,90.3
오봉,20231126,90.3
오봉,20231127,89.7
오봉,20231128,89.5
오봉,20231129,89.2
오봉,20231130,88.9
오봉,20231201,88.8
오봉,20231202,88.8
오봉,20231203,88.8
오봉,20231204,88
오봉,20231205,87.7
오봉,20231206,87.5
오봉,20231207,87.4
오봉,20231208,87.4
오봉,20231209,87.4
오봉,20231210,87.4
오봉,20231211,87.1
오봉,20231212,94.2
오봉,20231213,91.4
오봉,20231214,94.1
오봉,20231215,91.6
오봉,20231216,91.6
오봉,20231217,91.6
오봉,20231218,92.4
오봉,20231219,93.2
오봉,20231220,93.6
오봉,20231221,93.8
오봉,20231222,93.8
오봉,20231223,93.8
오봉,20231224,93.8
오봉,20231225,93.8
오봉,20231226,91.6
오봉,20231227,90.9
오봉,20231228,91.2
오봉,20231229,91.6
오봉,20231230,91.6
오봉,20231231,91.6
오봉,20240101,91.6
오봉,20240102,93.3
오봉,20240103,93.6
오봉,20240104,93.9
오봉,20240105,94.1
오봉,20240106,94.1
오봉,20240107,94.1
오봉,20240108,94.8
오봉,20240109,95
오봉,20240110,94.1
오봉,20240111,93
오봉,20240112,92.4
오봉,20240113,92.4
오봉,20240114,92.4
오봉,20240115,90.5
오봉,20240116,90.4
오봉,20240117,90.5
오봉,20240118,90.6
오봉,20240119,90.7
오봉,20240120,90.7
오봉,20240121,90.7
오봉,20240122,91.5
오봉,20240123,91.5
오봉,20240124,91.4
오봉,20240125,91.4
오봉,20240126,91.4
오봉,20240127,91.4
오봉,20240128,91.4
오봉,20240129,91.3
오봉,20240130,91.3
오봉,20240131,91.3
오봉,20240201,91.5
오봉,20240202,91.8
오봉,20240203,91.8
오봉,20240204,91.8
오봉,20240205,92.3
오봉,20240206,92.7
오봉,20240207,92.8
오봉,20240208,92.3
오봉,20240209,92.3
오봉,20240210,92.3
오봉,20240211,92.3
오봉,20240212,92.3
오봉,20240213,89.7
오봉,20240214,89.9
오봉,20240215,94.5
오봉,20240216,90.9
오봉,20240217,90.9
오봉,20240218,90.9
오봉,20240219,93
오봉,20240220,94.6
오봉,20240221,90.5
오봉,20240222,89.9
오봉,20240223,86.6
오봉,20240224,86.6
오봉,20240225,86.6
오봉,20240226,88
오봉,20240227,88.6
오봉,20240228,89
오봉,20240229,89.3
오봉,20240301,89.3
오봉,20240302,89.3
오봉,20240303,89.3
오봉,20240304,90.2
오봉,20240305,90.5
오봉,20240306,91.4
오봉,20240307,92.1
오봉,20240308,92.6
오봉,20240309,92.6
오봉,20240310,92.6
오봉,20240311,93.9
오봉,20240312,90.6
오봉,20240313,89.2
오봉,20240314,90
오봉,20240315,91.5
오봉,20240316,91.5
오봉,20240317,91.5
오봉,20240318,95.1
오봉,20240319,91.7
오봉,20240320,92.7
오봉,20240321,94.5
오봉,20240322,91.7
오봉,20240323,91.7
오봉,20240324,91.7
오봉,20240325,93.4
오봉,20240326,94.7
오봉,20240327,92.9
오봉,20240328,90.5
오봉,20240329,91.8
오봉,20240330,91.8
오봉,20240331,91.8
오봉,20240401,92.9
오봉,20240402,94.3
오봉,20240403,94.3
오봉,20240404,94.1
오봉,20240405,93.5
오봉,20240406,93.5
오봉,20240407,93.5
오봉,20240408,95.1
오봉,20240409,93.6
오봉,20240410,93.6
오봉,20240411,89.2
오봉,20240412,89.7
오봉,20240413,89.7
오봉,20240414,89.7
오봉,20240415,90.1
오봉,20240416,90
오봉,20240417,89.6
오봉,20240418,89.5
오봉,20240419,89
오봉,20240420,89
오봉,20240421,89
오봉,20240422,89.8
오봉,20240423,90
오봉,20240424,90.4
오봉,20240425,91.3
오봉,20240426,91.8
오봉,20240427,91.8
오봉,20240428,91.8
오봉,20240429,91.8
오봉,20240430,91.4
오봉,20240501,91.4
오봉,20240502,90.8
오봉,20240503,90.1
오봉,20240504,90.1
오봉,20240505,90.1
오봉,20240506,90.1
오봉,20240507,87.7
오봉,20240508,88.4
오봉,20240509,88.5
오봉,20240510,88.2
오봉,20240511,88.2
오봉,20240512,88.2
오봉,20240513,86.6
오봉,20240514,85.8
오봉,20240515,85.8
오봉,20240516,88.1
오봉,20240517,90.2
오봉,20240518,90.2
오봉,20240519,90.2
오봉,20240520,86.2
오봉,20240521,85.9
오봉,20240522,85.3
오봉,20240523,84.6
오봉,20240524,83.8
오봉,20240525,83.8
오봉,20240526,83.8
오봉,20240527,81.2
오봉,20240528,80.2
오봉,20240529,79.1
오봉,20240530,78.1
오봉,20240531,76.8
오봉,20240601,76.8
오봉,20240602,76.8
오봉,20240603,73.5
오봉,20240604,72.2
오봉,20240605,71.3
오봉,20240606,71.3
오봉,20240607,69.4
오봉,20240608,69.4
오봉,20240609,69.4
오봉,20240610,65.4
오봉,20240611,63.7
오봉,20240612,62.6
오봉,20240613,61.6
오봉,20240614,60.7
오봉,20240615,60.7
오봉,20240616,60.7
오봉,20240617,57.5
오봉,20240618,56.4
오봉,20240619,55.4
오봉,20240620,54.3
오봉,20240621,53.3
오봉,20240622,53.3
오봉,20240623,53.3
오봉,20240624,51.7
오봉,20240625,51.3
오봉,20240626,50.4
오봉,20240627,49.6
오봉,20240628,48.7
오봉,20240629,47.2
오봉,20240630,47.3
오봉,20240701,47.4
오봉,20240702,47.2
오봉,20240703,50.6
오봉,20240704,51.9
오봉,20240705,52.2
오봉,20240706,52.2
오봉,20240707,52.2
오봉,20240708,50.9
오봉,20240709,51.1
오봉,20240710,51.5
오봉,20240711,52.5
오봉,20240712,52.4
오봉,20240713,52.4
오봉,20240714,52.4
오봉,20240715,51.1
오봉,20240716,51.2
오봉,20240717,51.3
오봉,20240718,51.8
오봉,20240719,55.7
오봉,20240720,55.7
오봉,20240721,55.7
오봉,20240722,58.1
오봉,20240723,58.2
오봉,20240724,58.2
오봉,20240725,58
오봉,20240726,57.6
오봉,20240727,57.6
오봉,20240728,57.6
오봉,20240729,55.7
오봉,20240730,54.8
오봉,20240731,53.7
오봉,20240801,52.7
오봉,20240802,51.6
오봉,20240803,51.6
오봉,20240804,51.6
오봉,20240805,47.9
오봉,20240806,47.1
오봉,20240807,46.1
오봉,20240808,45
오봉,20240809,43.9
오봉,20240810,43.9
오봉,20240811,43.9
오봉,20240812,40.3
오봉,20240813,39.3
오봉,20240814,38.7
오봉,20240815,38.7
오봉,20240816,37.5
오봉,20240817,37.5
오봉,20240818,37.5
오봉,20240819,35.2
오봉,20240820,34.6
오봉,20240821,33.4
오봉,20240822,32.5
오봉,20240823,31.9
오봉,20240824,31.9
오봉,20240825,31.9
오봉,20240826,29.2
오봉,20240827,29.4
오봉,20240828,30
오봉,20240829,29.8
오봉,20240830,38.7
오봉,20240831,38.7
오봉,20240901,38.7
오봉,20240902,47.3
오봉,20240903,47.8
오봉,20240904,48
오봉,20240905,48
오봉,20240906,48.2
오봉,20240907,48.2
오봉,20240908,48.2
오봉,20240909,49.2
오봉,20240910,49.1
오봉,20240911,49
오봉,20240912,48.8
오봉,20240913,50.3
오봉,20240914,50.3
오봉,20240915,50.3
오봉,20240916,50.3
오봉,20240917,50.3
오봉,20240918,50.3
오봉,20240919,66.9
오봉,20240920,68.7
오봉,20240921,75.9
오봉,20240922,75.9
오봉,20240923,77.3
오봉,20240924,83.9
오봉,20240925,88.8
오봉,20240926,90.1
오봉,20240927,92.1
오봉,20240928,92.1
오봉,20240929,92.1
오봉,20240930,83.1
오봉,20241001,83.1
오봉,20241002,79.3
오봉,20241003,79.3
오봉,20241004,81.5
오봉,20241005,81.5
오봉,20241006,81.5
오봉,20241007,82.3
오봉,20241008,82.3
오봉,20241009,82.3
오봉,20241010,82
오봉,20241011,82.7
오봉,20241012,82.7
오봉,20241013,82.7
오봉,20241014,84
오봉,20241015,84.4
오봉,20241016,84.7
오봉,20241017,84.2
오봉,20241018,84.1
오봉,20241019,84.1
오봉,20241020,84.1
오봉,20241021,89
오봉,20241022,87.5
오봉,20241023,84
오봉,20241024,81.5
오봉,20241025,82.6
오봉,20241026,82.6
오봉,20241027,82.6
오봉,20241028,85
오봉,20241029,85.8
오봉,20241030,86.1
오봉,20241031,86.4
오봉,20241101,86.4
오봉,20241102,86.4
오봉,20241103,86.4
오봉,20241104,86.3
오봉,20241105,86.6
오봉,20241106,86.7
오봉,20241107,86.9
오봉,20241108,87
오봉,20241109,87
오봉,20241110,87
오봉,20241111,86.9
오봉,20241112,86.8
오봉,20241113,86.7
오봉,20241114,87
오봉,20241115,87.2
오봉,20241116,87.2
오봉,20241117,87.2
오봉,20241118,88
오봉,20241119,88.1
오봉,20241120,88.7
오봉,20241121,88.8
오봉,20241122,88.9
오봉,20241123,88.9
오봉,20241124,88.9
오봉,20241125,89
오봉,20241126,89.2
오봉,20241127,89.5
오봉,20241128,89.7
오봉,20241129,89.7
오봉,20241130,89.7
오봉,20241201,89.7
오봉,20241202,89.7
오봉,20241203,89.8
오봉,20241204,89.8
오봉,20241205,89.7
오봉,20241206,89.7
오봉,20241207,89.7
오봉,20241208,89.7
오봉,20241209,89.4
오봉,20241210,89.3
오봉,20241211,89.2
오봉,20241212,89.2
오봉,20241213,89.1
오봉,20241214,89.1
오봉,20241215,89.1
오봉,20241216,88.7
오봉,20241217,88.6
오봉,20241218,88.4
오봉,20241219,88.2
오봉,20241220,88
오봉,20241221,88
오봉,20241222,88
오봉,20241223,87.5
오봉,20241224,87.2
오봉,20241225,87.2
오봉,20241226,86.7
오봉,20241227,86.5
오봉,20241228,86.5
오봉,20241229,86.5
오봉,20241230,85.7
오봉,20241231,85.4
오봉,20250101,85.4
오봉,20250102,84.9
오봉,20250103,84.6
오봉,20250104,84.6
오봉,20250105,84.6
오봉,20250106,83.8
오봉,20250107,83.6
오봉,20250108,83.3
오봉,20250109,82.9
오봉,20250110,82.6
오봉,20250111,82.6
오봉,20250112,82.6
오봉,20250113,81.5
오봉,20250114,81.2
오봉,20250115,80.8
오봉,20250116,80.4
오봉,20250117,80.2
오봉,20250118,80.2
오봉,20250119,80.2
오봉,20250120,79.2
오봉,20250121,78.9
오봉,20250122,78.6
오봉,20250123,78.2
오봉,20250124,77.9
오봉,20250125,77.9
오봉,20250126,77.9
오봉,20250127,77.9
오봉,20250128,77.9
오봉,20250129,77.9
오봉,20250130,77.9
오봉,20250131,75.7
오봉,20250201,75.7
오봉,20250202,75.7
오봉,20250203,74.8
오봉,20250204,74.4
오봉,20250205,74
오봉,20250206,73.7
오봉,20250207,73.3
오봉,20250208,73.3
오봉,20250209,73.3
오봉,20250210,72.2
오봉,20250211,71.7
오봉,20250212,71.4
오봉,20250213,71
오봉,20250214,70.6
오봉,20250215,70.6
오봉,20250216,70.6
오봉,20250217,69.4
오봉,20250218,69
오봉,20250219,68.6
오봉,20250220,68.2
오봉,20250221,67.9
오봉,20250222,67.9
오봉,20250223,67.9
오봉,20250224,66.7
오봉,20250225,66.2
오봉,20250226,65.9
오봉,20250227,65.5
오봉,20250228,65
오봉,20250301,65
오봉,20250302,65
오봉,20250303,65
오봉,20250304,64.2
오봉,20250305,64.1
오봉,20250306,63.8
오봉,20250307,63.5
오봉,20250308,63.5
오봉,20250309,63.5
오봉,20250310,63.1
오봉,20250311,63.5
오봉,20250312,64.4
오봉,20250313,65.9
오봉,20250314,67.1
오봉,20250315,67.1
오봉,20250316,67.1
오봉,20250317,69.7
오봉,20250318,70.4
오봉,20250319,70.8
오봉,20250320,71.1
오봉,20250321,72.1
오봉,20250322,72.1
오봉,20250323,72.1
오봉,20250324,81.7
오봉,20250325,84.5
오봉,20250326,86.9
오봉,20250327,88.1
오봉,20250328,89.1
오봉,20250329,89.1
오봉,20250330,89.1
오봉,20250331,89.5
오봉,20250401,89.5
오봉,20250402,89.9
오봉,20250403,90.3
오봉,20250404,90.9
오봉,20250405,90.9
오봉,20250406,91.6
오봉,20250407,91.9
오봉,20250408,92.2
오봉,20250409,92.5
오봉,20250410,92.8
오봉,20250411,92.9
오봉,20250412,92.9
오봉,20250413,92.9
오봉,20250414,93.6
오봉,20250415,93.4
오봉,20250416,93.3
오봉,20250417,92.8
오봉,20250418,92.3
오봉,20250419,91.8
오봉,20250420,91.8
오봉,20250421,90.9
오봉,20250422,90.3
오봉,20250423,90.2
오봉,20250424,90
오봉,20250425,89.4
오봉,20250426,89.4
오봉,20250427,89.4
오봉,20250428,87.8
오봉,20250429,87.2
오봉,20250430,86.9
오봉,20250501,86.2
오봉,20250502,85.3
오봉,20250503,85.3
오봉,20250504,85.3
오봉,20250505,85.3
오봉,20250506,82
오봉,20250507,81.4
오봉,20250508,80.3
오봉,20250509,79.4
오봉,20250510,79.4
오봉,20250511,79.4
오봉,20250512,77.8
오봉,20250513,76.9
오봉,20250514,75.9
오봉,20250515,75.6
오봉,20250516,74.6
오봉,20250517,74.6
오봉,20250518,74.6
오봉,20250519,72.6
오봉,20250520,71.6
오봉,20250521,70.7
오봉,20250522,69.9
오봉,20250523,69.1
오봉,20250524,69.1
오봉,20250525,69.1
오봉,20250526,67.2
오봉,20250527,66.4
오봉,20250528,65.6
오봉,20250529,64.8
오봉,20250530,64.1
오봉,20250531,64.1
오봉,20250601,64.1
오봉,20250602,61.2
오봉,20250603,61.2
오봉,20250604,59.5
오봉,20250605,58.6
오봉,20250606,57.5
오봉,20250607,56.6
오봉,20250608,55.5
오봉,20250609,54.5
오봉,20250610,53.9
오봉,20250611,53.3
오봉,20250612,52.7
오봉,20250613,51.5
오봉,20250614,51.5
오봉,20250615,51.5
오봉,20250616,49.2
오봉,20250617,48.8
오봉,20250618,47.6
오봉,20250619,46.5
오봉,20250620,45.6
오봉,20250621,45.6
오봉,20250622,45
오봉,20250623,43.9
오봉,20250624,42.8
오봉,20250625,42.3
오봉,20250626,41.9
오봉,20250627,41.3
오봉,20250628,40.2
오봉,20250629,40.2
오봉,20250630,39.2
오봉,20250701,38.5
오봉,20250702,37.2
오봉,20250703,36.4
오봉,20250704,35.9
오봉,20250705,35.4
오봉,20250706,34.5
오봉,20250707,33.3
오봉,20250708,32
오봉,20250709,30.9
오봉,20250710,30.3
오봉,20250711,29.7
오봉,20250712,28.9
오봉,20250713,28.9
오봉,20250714,26.7
오봉,20250715,27.1
오봉,20250716,29.8
오봉,20250717,30.3
오봉,20250718,31.8
오봉,20250719,32.5
오봉,20250720,35.3
오봉,20250721,36.3
오봉,20250722,36.6
오봉,20250723,36.7
오봉,20250724,36.4
오봉,20250725,35.6
오봉,20250726,35
오봉,20250727,34.7
오봉,20250728,34.3
오봉,20250729,33.8
오봉,20250730,32.6
오봉,20250731,31.4
오봉,20250801,30.8
오봉,20250802,30.2
오봉,20250803,29.7
오봉,20250804,29.2
오봉,20250805,28.9
오봉,20250806,28.3
오봉,20250807,28.2
오봉,20250808,27.8
오봉,20250809,27.4
오봉,20250810,27.1
오봉,20250811,26.4
오봉,20250812,25.4
오봉,20250813,24.6
오봉,20250814,24.3
오봉,20250815,23.8
오봉,20250816,23.4
오봉,20250817,22.9
오봉,20250818,22.3
오봉,20250819,21.8
오봉,20250820,21.3
오봉,20250821,20.1
오봉,20250822,19
오봉,20250823,18.3
오봉,20250824,17.8
오봉,20250825,17.4
오봉,20250826,16.8
오봉,20250827,16.4
오봉,20250828,15.9
오봉,20250829,15.7
오봉,20250830,15.3
오봉,20250831,14.9
오봉,20250901,14.5
오봉,20250902,14.2
오봉,20250903,13.9
오봉,20250904,13.5
오봉,20250905,13.2
오봉,20250906,12.9
오봉,20250907,12.7
오봉,20250908,12.4
오봉,20250909,12.3
오봉,20250910,12
오봉,20250911,11.8
오봉,20250912,11.6
오봉,20250913,11.8
오봉,20250914,15.6
오봉,20250915,16.3
오봉,20250916,16.5
오봉,20250917,16.7
오봉,20250918,23.8
오봉,20250919,27.8
오봉,20250920,34.9
오봉,20250921,51.8
오봉,20250922,58.6
오봉,20250923,62
오봉,20250924,63.7
오봉,20250925,65
오봉,20250926,66
오봉,20250927,66
오봉,20250928,66
오봉,20250929,67.9
오봉,20250930,68.4
오봉,20251001,68.7
오봉,20251002,69
오봉,20251003,69
오봉,20251004,69
오봉,20251005,69
오봉,20251006,69
오봉,20251007,84
오봉,20251008,84
오봉,20251009,84
오봉,20251010,88.6
오봉,20251011,88.6
오봉,20251012,88.6
오봉,20251013,89.7
오봉,20251014,88.7
오봉,20251015,85.3
오봉,20251016,87.2
오봉,20251017,87.8
오봉,20251018,87.8
오봉,20251019,87.8
오봉,20251020,88.3
오봉,20251021,88.1
오봉,20251022,86.8
오봉,20251023,91.1
오봉,20251024,89
오봉,20251025,89
오봉,20251026,89
오봉,20251027,91.6
오봉,20251028,92.9
오봉,20251029,93.8
오봉,20251030,94.2
오봉,20251031,94.5
오봉,20251101,94.5
오봉,20251102,94.5
오봉,20251103,94.5
오봉,20251104,94
오봉,20251105,94.2
오봉,20251106,94.4
오봉,20251107,94.5
오봉,20251108,94.5
오봉,20251109,94.5
오봉,20251110,95.1
오봉,20251111,94.8
오봉,20251112,94.6
오봉,20251113,94.6
오봉,20251114,94.5
오봉,20251115,94.5
오봉,20251116,94.5
오봉,20251117,94.7
오봉,20251118,94.6
오봉,20251119,95
오봉,20251120,95.1
오봉,20251121,95.4
오봉,20251122,95.4
오봉,20251123,95.4
오봉,20251124,96
오봉,20251125,95.7
오봉,20251126,95.5
오봉,20251127,95.6
